subjects,repetition,repeated,occulted,lag,RMSE,Corr,Lag_Corr,Lag_RMSE,spectral_diff,xcorr,MI,segmentLength
1,1,1,1,5,-0.688735352697381,0.710254866372263,0.781458295632178,153.461311200115,1.4533325635032,0.930786597498174,NA,-1.1700057612118
1,1,0,0,18,-1.09351784405375,0.826818868068572,0.091078343053973,322.370139854884,-0.980541975277399,1.24242957131683,NA,0.246787006978855
1,2,1,0,23,0.512070274127529,0.325973307335866,-0.104313124756253,331.313925394328,-0.266496499697404,-1.04365974739419,-0.776134526073143,0.882197096955271
1,2,0,1,12,1.526174448821,-0.249465694113647,-0.352142050906499,394.909794284941,0.55770471630953,-1.62667338524113,-0.446649640128342,-0.10526452935943
1,3,1,1,16,0.862260247407648,0.234727539208119,0.866734899591934,215.787522428084,1.71762529979965,0.626988033887089,-0.799905615100025,-1.1700057612118
1,3,0,0,4,0.118111835583746,0.189036473587341,0.070974528191083,267.343779991696,-0.864034291770028,0.064206453340928,-0.654441299304143,0.401346218054199
1,4,1,0,31,-0.076351766491358,0.11593030823778,-0.777407714972639,311.669145426251,-0.733720311848847,-1.22768158850305,-0.893635694563769,0.882197096955271
1,4,0,1,17,2.0185297555798,-0.425644166647399,-0.457321825765247,431.833293198958,2.81073979071141,-1.42339256930298,-0.55411394834,-0.560355539747945
1,5,1,0,34,-0.064172037017715,0.262136101850465,-0.881752348880632,363.669422347413,-0.826949763480864,-0.810912165143002,-0.853462313004997,0.882197096955271
1,5,0,1,-14,0.052085605879677,0.867245829844604,0.413072903666496,312.597579240094,0.962170290142191,0.452533049367884,2.11296501775683,-0.328516723134928
1,6,1,1,-1,-1.56006988743932,0.882323378113163,0.888976996118258,99.8208696996066,-0.593705082988847,1.48289561367886,NA,-1.1700057612118
1,6,0,0,33,1.02217163922269,0.171018735991632,-0.903662850003953,500.018521955094,-0.29691736348549,0.375884707397366,-0.777957994961161,0.401346218054199
1,7,1,1,11,0.408650814452997,0.126300543116365,0.351514872572147,240.187489497837,1.37433267285635,-0.44999493523117,-0.929208665193359,-1.1700057612118
1,7,0,0,34,-0.081649123977028,-0.080647996107509,-0.50358557255766,267.39420761779,-0.193595927008001,-1.41419546007718,-0.917155645394729,0.401346218054199
1,8,1,0,7,-0.268013258778398,0.294896818444591,0.332347876370846,211.216931234144,-0.272742567234042,-0.478722367186904,-0.476001449305183,0.882197096955271
1,8,0,1,-3,1.14455457661019,-0.678157476935974,-0.713219511006413,339.124827715866,0.631318285769694,0.012353109196062,1.18186022062468,-0.577528785422983
1,9,1,0,21,-0.397464208293098,0.462644614328057,-0.208399158116577,306.90516695183,0.148384062895693,-0.037018888541668,0.277216400714788,0.882197096955271
1,9,0,1,3,-0.191311633771924,0.189836659198484,0.05961808010897,235.950062789752,-0.799339065410082,-0.337001598737546,-0.848997509452666,-0.276996986109813
1,10,1,0,10,-0.059392804929074,0.311651212715013,0.408624028693893,216.320614847801,0.353092925282468,-0.226682712849887,-0.490204404209846,0.882197096955271
1,10,0,1,35,0.526543094883375,-0.48943187209646,0.827707726674724,117.976382248068,-0.043784565244647,0.049334541639673,-0.036710155520322,-1.07555290999909
1,11,1,0,33,0.437419010512537,0.182722603846297,-0.711859738083986,351.391473873812,-0.000556364472417,-1.49776448091376,-0.820722849982069,0.882197096955271
1,11,0,1,16,-0.344881732362401,0.502058333362158,0.769705757549898,141.116878074424,-0.918383050561395,0.763255315816955,0.096443105906087,-0.122437775034469
1,12,1,1,7,0.230042609292932,0.147820341171915,0.292259989475379,240.153371441304,0.875006840921702,-0.414503438184333,-0.721632688308842,-1.1700057612118
1,12,0,0,36,-0.275337714391653,0.387633650199125,-0.822902026767058,333.477121182705,-0.358252210332624,-0.622874373964915,-0.381237831455954,0.401346218054199
2,1,1,0,9,-0.897762854531094,0.727504061202577,0.807379438938927,143.263175759074,-0.074653077880332,1.062241916484,2.5255715916903,1.48326069558161
2,1,0,1,-2,-1.14641463996257,-0.076935255734276,-0.06094332014299,134.8226494435,-1.02535257097163,-1.10499505692456,-0.92809020347709,-1.04120641864902
2,2,1,0,16,-0.652407488402662,0.448897220110617,0.787712318143459,116.342898703391,-0.8629664509978,1.04053991792927,-0.076008641549835,1.48326069558161
2,2,0,1,-11,-0.794609562778175,0.474945282905303,0.066205435664479,221.237683827799,-0.993173253784714,1.11262704285731,-0.088566754433488,-0.860887339061115
2,3,1,0,14,-0.268630539385034,0.327934565270839,0.521596069003169,188.344532905936,0.155636763841501,0.057782276908242,-0.182578303578233,1.48326069558161
2,3,0,1,38,0.865924437990277,-0.198545539983636,0.720750242446257,169.796633859892,1.07849759322896,-0.458699612202536,-0.854215900225379,-0.938166944598787
2,4,1,0,10,-0.440976566088448,0.568276158424171,0.664408740861013,176.72509732485,0.314170393176839,0.547099544368409,0.874115888967537,1.48326069558161
2,4,0,1,-1,0.347463965883297,0.408050309284325,0.400205647008616,271.649670776575,-0.92679972482275,-0.233090954376386,-0.113192698601966,-0.234063871922217
2,5,1,1,22,0.181032384512287,0.27842403721427,-0.272901817255825,334.562776085353,-0.013751825663122,-1.26093394751479,-0.506306062634187,-0.568942162585464
2,5,0,0,2,-0.031709947132809,-0.000633848561321,0.010249700473428,235.473487874297,-0.210805540414579,-1.78132152396773,-0.915202727623983,0.401346218054199
2,6,1,1,-7,0.444167107654351,0.172677524069448,-0.094168949392845,300.890752471356,0.803892995619066,-0.379445737668027,-0.80673500592526,-0.568942162585464
2,6,0,0,15,-0.066878952518404,0.693760732140973,0.008338811932966,365.63751834259,0.999676928443218,0.715614169009047,2.34511750810713,0.401346218054199
2,7,1,1,17,0.592798483925628,0.19787505258412,-0.398693143664316,367.416012616649,0.263664960400887,-1.49759038701232,-0.747757133636509,-0.568942162585464
2,7,0,0,-7,0.668707295696637,0.094212573986579,-0.118238066062115,332.585105894715,0.790108114953193,-0.986985595157511,-0.807761177547383,0.401346218054199
2,8,1,1,35,0.280576730388039,0.366512114485881,-0.735520524572145,381.074553899537,0.08771228784458,-1.66545531474992,-0.154046596636269,-0.568942162585464
2,8,0,0,-15,-1.17301169152559,0.326991988884453,-0.011834954039477,151.901043770452,-1.19358318063809,-0.798617417615771,-0.428183834378858,0.401346218054199
2,9,1,1,-37,0.153670867343638,0.511821540557813,-0.702756951948089,342.891284840046,-0.047416049907373,-0.776010505963932,0.673703815752294,-0.568942162585464
2,9,0,0,15,0.056670235088412,0.10672416524876,0.478864705735733,171.151739617978,0.673080148546317,-0.362247421597491,-0.83457741597444,0.401346218054199
2,10,1,1,8,0.293721289916838,0.361917738221391,0.552865485312541,229.136602087509,1.04521293410423,0.37014830015511,-0.448963771744122,-0.568942162585464
2,10,0,0,15,-0.966938052422363,0.689398335863097,0.018890876462761,266.214179940612,-0.96944342537036,1.0232464659902,1.38366095459927,0.401346218054199
2,11,1,0,21,-0.140026326005812,0.452821348790272,0.092853490280199,286.644629661812,0.908050235189694,-0.034440516426856,0.213967717576768,1.48326069558161
2,11,0,1,-3,-0.705655027670522,0.304835825000014,0.272757417455137,180.482200968053,-1.28993289338007,-0.632619688184241,-0.682524701422077,-0.10526452935943
2,12,1,1,-4,0.082263039510324,0.413619886645543,0.311252814168254,260.839422931903,0.000784760331677,-1.10172558106739,-0.369818679052303,-0.568942162585464
2,12,0,0,11,0.345710929559233,0.228729078820894,0.032254708806927,299.782549060066,0.911944069693844,-0.643315485965882,-0.737760073587241,0.401346218054199
3,1,1,1,-4,0.103686795775555,0.895964280590768,0.956118423436762,269.167037033405,NA,1.56488903705474,NA,-1.86552221105085
3,1,0,0,16,0.29343519992508,-0.34732408422959,0.326370641809857,197.199195135585,0.221473408439088,-0.59013561281432,-0.586107775676145,-0.629048522448098
3,2,1,1,-14,0.873552650640198,0.896979210465382,0.941039678309167,478.227541231845,2.60302071529486,-0.730401697426296,NA,-1.86552221105085
3,2,0,0,-3,-1.39231396086367,0.810963900473569,0.825932984374231,113.497328086799,-0.779898331991536,1.09126396042555,NA,0.401346218054199
3,3,1,0,23,-0.471677853710345,-0.132076672864135,0.181917558651556,167.955496534285,-0.567774115682998,0.071217983522814,-0.781609258459151,0.186680647116221
3,3,0,1,24,1.09108486994815,0.052828272460655,0.305952143143329,286.299503499506,NA,-0.889401459002818,-0.899504326237654,-0.10526452935943
3,4,1,0,-13,0.240657702904736,-0.093213677450934,-0.018800297436633,258.244996734703,0.353928135773665,-0.994128944927307,-0.903633490354235,0.186680647116221
3,4,0,1,6,1.3823372743291,-0.351807933389511,-0.408248597705397,369.548943401754,1.77117886863422,-1.42923959145803,-0.558738303648875,-0.517422425560349
3,5,1,0,16,-0.105463428870239,0.240755318125789,0.575211947224971,173.709661978929,0.036600320281957,-0.274650077612918,-0.653465513261308,0.186680647116221
3,5,0,1,-5,0.93521344956661,0.015801405337019,0.086667216696568,311.379103041617,1.85308472622535,-0.597061929601841,-0.875498408599071,-0.10526452935943
3,6,1,1,8,-0.470674969004289,-0.909554170699769,-0.462512047245731,140.920952533389,-0.006709123121123,0.525423113469399,NA,-1.86552221105085
3,6,0,0,-12,0.178507081154192,-0.652814391592196,0.22666220936134,237.977224901472,0.612041478238641,0.225828304501781,1.46600709481398,-1.36749808647474
3,7,1,1,-9,1.28669458271461,0.993792626433394,0.926455656207507,471.107279265971,NA,-0.476274461277991,NA,-1.86552221105085
3,7,0,0,14,-1.18532399401185,0.358799959845526,0.609636015028937,103.171405227727,-1.04632802563891,-0.137519027835563,-0.317631441891978,0.023534813203357
3,8,1,0,16,-0.893329486153487,-0.004359697061471,0.218548337441356,146.034274751495,-0.469448736844692,0.48574837338483,-0.909180523494841,0.186680647116221
3,8,0,1,-18,-1.1320276310925,0.747290709350428,0.326435371719097,235.711598465341,-0.359696454091778,1.19797144044603,0.655935805469838,-1.72813624565055
3,9,1,0,-10,-0.991363605729225,0.346051079188246,0.069372305139084,178.200341832634,-0.588469156196877,0.169452124071502,-0.580081735316548,0.186680647116221
3,9,0,1,-16,-0.749487221887698,0.46821650880735,0.888597760363792,109.346648047584,-0.409089659611665,1.22156000082458,-0.127527527993766,-0.697741505148251
3,10,1,0,23,-0.848437741912209,0.110860458127082,0.657623602292918,110.589564078017,-0.45566617453643,0.972387414692793,-0.874933079930596,0.186680647116221
3,10,0,1,-12,0.121739409389722,0.266212910670829,0.246851039734522,239.432650491696,-0.18988813112724,-0.827505430769569,-0.530550285106646,-0.10526452935943
3,11,1,1,21,-1.57177266258287,-0.518811654694587,0.095515221285699,54.0444319675493,-1.14925181416335,1.0749772618303,0.061971676971356,-1.86552221105085
3,11,0,0,15,0.394126423352423,-0.274321025133067,-0.723036919703638,312.12198094159,-0.142399971571648,-1.27178720735636,-0.88858510653022,-0.319930100297409
3,12,1,1,7,-1.21829639030045,-0.552523946357031,-0.11068560207325,46.7834912618362,-0.93133719402095,1.3457131973799,-0.066863511662117,-1.86552221105085
3,12,0,0,8,-0.076885811299087,0.048299501239532,0.183652193919577,206.834833723574,0.375593814142609,-0.94577013861017,-0.915313018563143,0.401346218054199
4,1,1,1,27,NA,0.259856155117026,0.346614685842815,561.304182155434,NA,-0.497435155126432,-0.138143715393299,-0.10526452935943
4,1,0,0,15,-0.056088087208853,0.632364606452102,0.825249248846755,188.013025437157,0.6145675229655,1.01706757856386,0.259437578543996,-0.156784266384545
4,2,1,1,16,2.32972028539216,0.607398396577215,0.819724709419335,426.506954785087,NA,0.302233162019833,-0.103249347519063,-0.10526452935943
4,2,0,0,14,0.243653422359425,0.523898230242663,0.62523807843787,242.220816904181,2.13181994134734,0.532728635615507,-0.009201903926589,-0.156784266384545
4,3,1,1,8,2.59853699868694,0.189579991717723,0.203300107471103,467.657155652766,NA,-0.239356808449867,-0.919227529009386,-0.10526452935943
4,3,0,0,17,0.127889283686201,0.47559853770146,0.915600236344738,168.747490059683,-0.006839412585775,0.767017006509125,-0.404494738250737,-0.156784266384545
4,4,1,0,14,-0.538250973959706,0.541040582737128,0.777366063520902,137.643848630623,-0.428880316675824,1.03427383731225,0.701667714026303,2.50506881324639
4,4,0,1,8,2.73287264681038,-0.087748288001003,-0.162885757764838,481.818547175366,NA,-1.75253747426477,-0.880760855151086,-0.10526452935943
4,5,1,0,12,-0.896032097446626,0.672894526728308,0.86296809728229,111.755996698666,-0.822525427198401,1.23284433148387,1.66784362465023,2.50506881324639
4,5,0,1,14,NA,-0.418702949555262,-0.323458865424544,535.266102186891,NA,-1.53576628724541,-0.749453938586848,-0.234063871922217
4,6,1,0,3,-0.331466872274211,0.577230301860108,0.569351447878257,212.128543688516,0.181526345979829,0.155693146524988,0.556877230877999,2.50506881324639
4,6,0,1,0,0.171879823966979,-0.055233325732717,-0.055233325732717,254.127945922742,0.310766365009411,-0.183193023114862,-0.922859678711252,-0.775021110685923
4,7,1,1,-7,2.31211283523153,0.010281224943868,-0.123063111006408,449.056486139137,NA,0.237483208569371,-0.915058262476789,-0.10526452935943
4,7,0,0,18,-0.658716196197535,-0.024430715213315,0.635815297897172,114.822627814339,-0.929664279924951,0.324714611878931,-0.914521098278546,-0.156784266384545
4,8,1,0,12,-0.719926933042407,0.648536033844124,0.854354360291134,120.472780891499,-0.738495283977123,1.16218732187118,1.198652807697,2.50506881324639
4,8,0,1,-23,NA,-0.413824692787925,-0.45280449313014,649.441281397989,NA,-2.45312870495542,-0.779722153035573,-0.10526452935943
4,9,1,1,16,2.44240004285599,0.283852688765629,0.329472476434602,450.670096527077,NA,-0.147497146480851,-0.647515297206981,-0.10526452935943
4,9,0,0,11,-0.844941971005253,0.611500347239083,0.55743990048824,179.429578476205,-0.499765794027376,0.506680614085356,0.635500289138876,-0.156784266384545
4,10,1,1,15,2.45100828572703,0.263515688372987,0.32675523889249,450.5236550347,NA,-0.053271953111228,-0.35294412684907,-0.10526452935943
4,10,0,0,8,-0.464260532615847,0.719229472924297,0.826864854735816,171.155072017109,0.780636238398414,1.22276222676468,1.45948091552804,-0.156784266384545
4,11,1,1,18,NA,0.369700284092353,0.447036859225215,505.744369488548,NA,-0.22003280109596,-0.363556847858592,-0.10526452935943
4,11,0,0,19,-0.890642761646157,0.303495146661549,0.400970763080318,151.23529876984,-1.0949113134986,-0.245243671558514,-0.527849242927684,-0.156784266384545
4,12,1,0,13,-0.741601581605205,0.626703102257404,0.889438133699607,104.807222237068,-0.833051807834516,1.23784994913432,0.933622000033736,2.50506881324639
4,12,0,1,4,-1.04451910883328,-0.222064540064492,0.183239445747413,134.443700336742,-1.13011197946513,0.230039240989021,-0.513166184324814,-1.60792352592528
5,1,1,0,15,-0.841140021845267,0.304515806320193,0.640327962839318,111.67252744445,-0.901720346970945,0.378247967569365,-0.24150008575806,1.3888078443689
5,1,0,1,-10,0.733355177913435,0.560078187067523,0.285239479853154,342.880299711252,1.04117274368448,-1.61885748428389,0.716725480394992,-1.02403317297398
5,2,1,1,-14,1.63750586106571,-0.51743387988685,-0.698344767276193,387.577138572349,1.27633201827497,-1.81488212426005,0.771622625164904,-0.663395013798175
5,2,0,0,20,-0.669628014315873,0.638132726235058,0.251722723421058,235.67977688257,0.087160848751343,0.345601389466994,0.951082247942642,0.401346218054199
5,3,1,0,14,-1.18058474062503,0.456053167835491,0.129635170932563,161.143542041184,-1.01679466265755,0.150454395657104,0.121293379658835,1.3888078443689
5,3,0,1,-29,0.393285656939414,0.111110705714028,0.668211090944487,195.352034755428,0.270037332766022,0.178101458553422,-0.906327263602155,-0.122437775034469
5,4,1,1,14,0.961483426264268,-0.156107278703657,0.007883376253345,289.20864738769,1.60367567481902,-1.18642997711303,-0.792142799934308,-0.663395013798175
5,4,0,0,32,-0.566296362702216,0.370165354552585,-0.76173355166889,299.443948082582,-0.09343981193939,-0.407878154453339,-0.309345220963762,0.401346218054199
5,5,1,1,8,0.089772434655684,0.497629781579922,0.11824616469982,289.677409954702,-0.658140240204604,-0.626992141911307,-0.091122082122472,-0.663395013798175
5,5,0,0,-22,-0.310893604399508,0.16919013700279,-0.053064716328559,240.579986960622,-0.940257770422237,-1.09182238638397,-0.690218853087014,0.401346218054199
5,6,1,1,-8,-0.923479186002618,0.754418797947843,0.833162548610355,134.886772786661,0.064569873917292,1.02657006121904,NA,-0.663395013798175
5,6,0,0,-12,-0.231073971560005,-0.161027383684952,-0.102283200383212,214.260213799375,-0.764328295094136,-1.70944554750144,-0.802155589662311,0.401346218054199
5,7,1,1,4,1.25689770526943,0.51011430829198,0.546131243720417,355.452980030561,2.24897487830635,-1.18973437804987,-0.083723763165164,-0.663395013798175
5,7,0,0,-7,-0.137493013884068,0.464595661630208,0.515213287243143,217.968793392248,0.741266276097395,-0.005437727511649,0.179558036833259,0.401346218054199
5,8,1,1,24,0.709807707848788,-0.067694804599484,-0.800953240101296,380.399048335179,-0.389669621986046,-0.680154042534382,-0.812783883089602,-0.663395013798175
5,8,0,0,20,-0.738403420863696,0.58834500002206,0.076571456997156,253.161391348755,0.069753657320159,0.351230634622282,1.04275903392844,0.401346218054199
5,9,1,0,6,-0.687480696935626,0.007075509711157,-0.043444059791571,179.283323828139,-0.862791566852115,0.32744123986531,-0.908685018075064,1.3888078443689
5,9,0,1,7,1.43066453972695,-0.799681635617144,-0.86743213088714,379.386216043115,-0.577749099851968,-1.79384541822657,NA,-1.12707264702421
5,10,1,0,21,-1.19239705105533,0.378524955385097,0.024157703433714,161.373146478338,-0.799461210336202,-0.297478277276706,-0.434933371154047,1.3888078443689
5,10,0,1,20,-0.152409630641202,0.011898663104056,0.905087641389018,62.220561321139,-0.00383873760948,-0.052824109428947,-0.811456750577819,-1.33315159512467
5,11,1,0,31,-0.755278049369479,0.182454231562862,-0.74678004899283,234.856506639271,-0.74744025128954,0.010554999476771,-0.847090157977897,1.3888078443689
5,11,0,1,-12,1.25330457879027,-0.317503027769691,-0.264421061068253,350.360107420466,0.972421920626373,-1.91716060283444,-0.819289545604733,-0.328516723134928
5,12,1,0,31,-0.514185634608937,0.056313031445373,-0.754792258321483,231.952379691771,-0.645484359250098,-0.661184062165419,-0.878744005284881,1.3888078443689
5,12,0,1,-6,0.899577380976112,0.055462482235952,-0.153783691701341,351.571793283628,0.087469507085295,0.024592759834112,-0.898332845496663,-0.10526452935943
6,1,1,0,6,-1.34477817203288,0.746612741295784,0.780511607294337,114.240659557853,-1.22127937423421,0.991573900490212,2.29819103246155,2.80560061255956
6,1,0,1,2,-1.1887920255414,-0.392689230466461,-0.154899834642589,128.267660957985,-1.20619818039001,0.290803554016673,-0.821454008289418,-1.77965598267566
6,2,1,0,-6,-0.984999214028761,0.562116721464201,0.558457704333753,153.909752413238,-0.334463108406619,0.230652397238233,0.705049084381051,2.80560061255956
6,2,0,1,-13,-0.497151019699844,0.413581760526251,0.511885757823022,179.215278736997,-0.42841888920828,-0.278894604147599,-0.527415330545363,-0.929580321761268
6,3,1,1,1,-0.581698564330624,0.495858900303396,0.485019439845335,189.552305909247,0.231940568266522,-0.093568656940339,0.224616868114117,-0.10526452935943
6,3,0,0,28,-0.633217626861863,0.061611141374541,-0.431204519519982,214.056351947014,-1.20104709684594,-1.13721661459475,-0.914732534701768,-0.457316065697715
6,4,1,0,4,-1.13515838719814,0.74096827332328,0.753915595617921,136.434471107981,-0.817538764716623,0.928402885312234,2.01552156426215,2.80560061255956
6,4,0,1,18,2.50271248364134,-0.413935769327984,-0.471801169767272,468.237331876311,NA,NA,-0.11007895160352,-0.10526452935943
6,5,1,0,4,-0.674798374095248,0.589521973998705,0.596123102746896,176.541364782352,-0.41666773074912,0.13513494665912,0.757465466793178,2.80560061255956
6,5,0,1,-15,-0.961489032930582,0.372222709612152,0.668013854420146,145.879182455436,-0.676506051111081,0.468986582371128,-0.702947967942034,-1.46195093768745
6,6,1,1,-1,-0.705917452223512,0.688902118094399,0.683626391858559,178.749863606016,-0.265949481695053,0.68459521562388,1.55478220959477,-0.10526452935943
6,6,0,0,14,-0.738466206992799,0.245488612329208,0.4501473759817,142.812305057536,-1.39067549066403,-0.587779099290982,-0.511859488806919,-0.457316065697715
6,7,1,0,-7,-1.44692612813934,0.618856293597957,0.646814965235984,108.644244657273,-1.12513965258881,0.472453914628941,0.98105737740034,2.80560061255956
6,7,0,1,-20,0.977302625799894,0.288530160369697,0.777345380590722,304.308727331277,2.13454020166643,-0.335683483226328,-0.844676876057766,-1.24728536674948
6,8,1,1,-24,0.286181312248326,0.065832907117317,-0.305370361321411,314.73367229971,0.591571344949153,-1.69285086971401,-0.850853350951272,-0.10526452935943
6,8,0,0,9,-1.11868683601721,0.7634165239844,0.875251134115596,107.310795635908,-0.333906797376909,1.42917641199341,1.8742304336364,-0.457316065697715
6,9,1,1,6,0.784184800436964,-0.733057180635124,-0.75008048687667,310.40485641327,-0.241182868387221,-1.02436661002047,1.94745101395759,-0.10526452935943
6,9,0,0,17,-0.768071075046034,0.395370374109701,-0.079304572368962,212.660037706379,-0.879265583487934,-0.414733992660703,-0.275679312639979,-0.457316065697715
6,10,1,1,0,1.40350817717477,0.015843638544283,0.015843638544283,362.077612732295,2.42647930372573,-1.18873171456937,-0.909652449349604,-0.10526452935943
6,10,0,0,9,-0.264256904226872,0.592199734408124,0.699260838187103,196.510188541951,0.761261466985893,0.683287793256071,0.359232828130072,-0.457316065697715
6,11,1,0,1,-1.552534817826,0.831873883578264,0.827337707086649,104.440816611327,-1.16350852791069,1.25311915627693,NA,2.80560061255956
6,11,0,1,-16,0.46943027422115,-0.100451629547459,-0.130279032158623,298.704925907998,-0.916067893014401,-1.24875193464022,-0.891252492109191,-0.895233830411191
6,12,1,0,6,-1.36050607669098,0.788025342143696,0.792711751241418,116.318183589322,-0.860998300036562,1.05834498368858,2.17540993977329,2.80560061255956
6,12,0,1,2,1.50617077890957,-0.872313664226246,-0.869062468985569,372.917807915918,-1.02933203021287,-0.443814672588581,NA,-0.697741505148251
7,1,1,0,14,-0.88472507371483,0.567812231443433,0.876409239520697,93.9543751112646,-0.68502290005998,1.4079733063427,0.410270485010714,1.55195367828176
7,1,0,1,-7,0.872212332221418,-0.251812608180277,-0.036270136530651,289.920401624071,-0.058477176268434,-0.311868584264125,-0.522933815601395,-0.10526452935943
7,2,1,0,14,-0.633221727515028,0.478403734087778,0.90971433102603,86.8996844440232,-0.801592680630802,1.48305751288459,0.052992486614969,1.55195367828176
7,2,0,1,15,0.109209805621693,0.243445072042726,-0.101675096918173,271.309411097128,-0.160702845231563,-1.40797351792421,-0.533699002308401,-0.10526452935943
7,3,1,0,13,-0.837832536774318,0.60852484137524,0.798892441420083,120.819521270444,-0.29840771338907,1.05244663026917,0.699172320381386,1.55195367828176
7,3,0,1,5,0.080105452890795,0.462969509618469,0.546995874790555,238.235971852555,0.479698320882325,-0.664028733116225,0.391168991686857,-0.165370889222064
7,4,1,1,-18,0.692697417831926,0.202766129257803,-0.390679644738073,378.780281224576,0.050897537379601,-1.33971116694727,-0.898739981204048,-0.50883580272283
7,4,0,0,14,-0.510564987572115,0.614888135248005,0.837924345438564,135.300449727796,0.095257837336153,1.26808335730215,0.630577318598061,0.39275959521668
7,5,1,1,-12,0.975755775437806,-0.050294311388149,-0.074120361497521,334.355789612265,0.152301614363367,-1.99517814338593,-0.874477951431599,-0.50883580272283
7,5,0,0,-7,-0.621876316201589,0.379419548145583,0.159362651925696,207.70876613029,-0.682108492477354,0.14960420892647,-0.450344355148732,0.39275959521668
7,6,1,0,16,-0.654973186519221,0.505989826278049,0.872581486332334,102.296337576295,-0.766793360381453,1.33911210862221,0.246328766751986,1.55195367828176
7,6,0,1,25,NA,-0.476406680176746,-0.689910200714171,566.831208977003,NA,-2.66333846869231,0.026327527001768,-0.422969574347639
7,7,1,1,37,0.235387749848144,0.259199036586449,-0.554935534248133,353.143855571453,0.728644882851911,-0.565204818327241,-0.291982608074978,-0.50883580272283
7,7,0,0,12,-0.438519626543552,0.481286627547652,0.811501712286772,133.314856431631,-0.328892553880065,1.14338669554222,0.125909430421071,0.39275959521668
7,8,1,0,12,-1.11953473102742,0.596401191849999,0.744434557308999,115.800436165966,-0.584961096681747,0.952198930526629,0.758771036794547,1.55195367828176
7,8,0,1,7,0.306925600448002,0.113464645645558,0.149438223603128,264.387150058015,0.531580247627638,-1.18753799442924,-0.874930240193355,-0.10526452935943
7,9,1,0,17,-0.923632362193626,0.267258981298868,0.829924220998232,80.5431978279666,-1.07797714787985,1.05671577935186,-0.647384459844224,1.55195367828176
7,9,0,1,3,-0.90174284202575,0.655971885195478,0.672921187217809,158.264148779698,-0.200455398951975,0.679300306553486,1.21349231038312,-0.10526452935943
7,10,1,1,21,-0.106086446486423,0.248850765704387,-0.106246552747038,284.317884078185,1.09215320665108,-0.569154949468872,-0.618559301481404,-0.50883580272283
7,10,0,0,20,-0.376623475916666,-0.104156650548504,0.709008976341646,118.331598460826,-0.718412565284616,0.8058279007174,-0.860240984181531,0.160920778603663
7,11,1,1,-28,-0.08863478807809,0.579537007558997,-0.725754044833164,386.935628764016,-0.493887622239153,-0.014699316880911,0.208365858737053,-0.50883580272283
7,11,0,0,15,-0.61323738515047,0.444604606596877,0.754895505724976,130.560765350663,-0.662995007264984,0.78256858409153,-0.028527499305016,0.272546875491412
7,12,1,0,17,-0.397839644282863,0.434479485557376,0.939889071988094,77.1748024967743,-0.931442268612774,1.61609981991956,-0.11168202788804,1.55195367828176
7,12,0,1,-31,0.685825089104386,0.299017596365799,0.50991405204683,262.48924388865,1.71196966543655,-0.542006198981421,-0.720984178892393,-0.380036460160043
8,1,1,1,-7,-0.910265825740876,0.341248382716688,0.678271727398287,111.032604221602,-0.638447036136723,0.95953566087538,-0.319872978306135,-1.35032484079971
8,1,0,0,13,-0.860826525113351,0.383851299137897,0.610599063179828,124.066298119087,-0.450495117910355,0.333308617405538,-0.306882692756858,0.39275959521668
8,2,1,0,16,-0.397850167785801,0.460609994362258,0.851049822088486,125.750110826584,-0.243688320098352,1.12044862502643,0.167260614061437,0.710464640204888
8,2,0,1,27,0.510143806299876,0.011639088104083,0.969582295361413,214.874749687737,1.60099756186764,0.360740030867229,-0.93869659968089,-1.17859238404932
8,3,1,1,-11,-0.137769504464942,-0.123161937119688,-0.077038677527924,171.718043789361,-0.701939024303695,-0.037432121268214,-0.935634025995644,-1.35032484079971
8,3,0,0,13,-0.081065662659425,0.387768660701759,0.45908549477004,208.739298411228,-0.216141436292358,-0.313741428671518,-0.181981754418975,0.39275959521668
8,4,1,0,16,-0.463003957995393,0.512397602972553,0.823297987985775,136.620949502992,0.03271979463847,0.982337938597163,0.519319079425511,0.710464640204888
8,4,0,1,-21,1.91527872923495,0.748683016009713,0.494986004831133,461.668511919737,0.994799007551849,-2.20882229639233,2.74591355285938,-0.10526452935943
8,5,1,1,2,-1.13489941074976,0.758200762328239,0.712313530982482,147.811337661761,0.568961681600045,1.54603503178909,NA,-1.35032484079971
8,5,0,0,14,-0.566565659299504,0.301318417099491,0.435812459561444,172.570254638996,-0.283332704954142,-0.292657036653202,-0.26788427360098,0.39275959521668
8,6,1,0,15,-0.778522503261042,0.670692381975143,0.859948258715265,122.411612641954,-0.337432878785462,1.20490040294427,1.65434110456401,0.710464640204888
8,6,0,1,9,0.071221472654333,-0.297186214781073,-0.396414948683258,241.931832018003,-0.645373838457979,-0.033981068609823,-0.644382215981497,-0.946753567436306
8,7,1,1,4,-1.46358039073562,0.752775272092057,0.745194367603062,107.556866255994,-0.630416530650084,1.30953142685614,2.9874175951831,-1.35032484079971
8,7,0,0,13,-0.933092740405398,0.535096199785282,0.812793870868924,106.198111368171,-1.09376586177198,1.04839972896801,0.36407241347563,0.169507401441182
8,8,1,0,15,-0.354007782339141,0.422082994437971,0.773344935029666,146.353510520248,-0.03826992419783,0.845778140845381,-0.10956302067304,0.710464640204888
8,8,0,1,4,2.02214197283536,-0.814809377969226,-0.809622579681,421.640823256116,-1.34057874562692,-2.26708739476573,2.28257366560824,-1.20435225256188
8,9,1,0,16,-0.770880928013723,0.590725879538044,0.828285659484351,129.579873269627,-0.488421111277892,1.10377887218186,0.994006564830246,0.710464640204888
8,9,0,1,-6,1.17097156285752,-0.278852525672255,0.186440517157747,328.729186774801,2.47058559267236,0.464613671266545,-0.656139679295137,-1.59075028025024
8,10,1,0,16,-0.931523440539861,0.678447218393381,0.908745281339058,100.061808286912,-0.645452975582027,1.52414247423862,1.67716610927255,0.710464640204888
8,10,0,1,-13,-1.5717444821568,0.775017685783786,0.949017376334422,86.9153384951106,-1.01232712297219,1.45605249409307,1.98060126877887,-1.46195093768745
8,11,1,1,-20,-1.16656420108735,0.408810114860758,0.539213899770334,91.9401700847202,-0.695687654923276,0.969761895201063,-0.325546133116799,-1.35032484079971
8,11,0,0,16,-1.45568815377193,0.417483548470239,0.795701843962058,69.9643327260786,-1.45919423992179,1.04611090449013,-0.221623595406289,0.39275959521668
8,12,1,1,-5,-1.45601535350506,0.827325117227618,0.928186769030439,80.9947736747411,-0.613348506018439,1.49035856562344,NA,-1.35032484079971
8,12,0,0,6,-0.825947626695112,0.670439140345062,0.70863944496867,158.51783614199,0.20798000667014,0.846970123966093,1.22594714778485,0.203853892791259
9,1,1,1,3,-0.018411257534594,-0.384591557184096,-0.395227158282577,231.989577250078,-1.09396297597927,-1.24852577801437,-0.495939628041391,-0.165370889222064
9,1,0,0,17,-0.616796004204599,0.174536990633868,0.728858004398297,109.016383413125,-0.783915800085231,0.672690563182329,-0.756370403500752,0.39275959521668
9,2,1,1,12,-1.02259715045231,0.435221497324931,0.679809259644126,112.768468302846,-0.764605333309928,0.484000569900364,0.370745402015798,-0.165370889222064
9,2,0,0,7,-0.775101443094106,0.602935522419305,0.666866441017353,163.11173767384,-0.122943006749795,0.125966361856733,0.289191779985205,0.39275959521668
9,3,1,0,8,-1.1418127996047,0.544897858503089,0.518060339805196,140.542664894626,-0.825642377486022,0.288854893764053,0.63878823461693,1.89541859178253
9,3,0,1,0,-0.625318464319923,0.834060383245441,0.834060383245441,184.255171901602,NA,NA,NA,-2.10594765050139
9,4,1,0,13,-1.15069232805061,0.571002282934015,0.711243371006015,117.75378613021,-1.08892272457702,0.957944595971735,0.879971345122141,1.89541859178253
9,4,0,1,-14,0.203125018230605,-0.13256780634242,0.278604711218237,209.915799909531,-0.575709457411852,0.17726692372042,-0.919490200906017,-0.594702031098021
9,5,1,0,8,-1.21682696049143,0.60766596329864,0.749100614883492,105.000360166596,-1.03007338388429,0.891566798581835,1.00125802154045,1.89541859178253
9,5,0,1,14,0.20311567445849,-0.381130059635649,-0.747125591459943,290.153227018828,-1.03760149915717,-1.52137808423836,-0.377641797525922,-0.800780979198481
9,6,1,1,0,-1.34964850951443,0.698025274580165,0.698025274580165,120.769148024963,-0.783640029903028,0.68701378911262,1.97587812061259,-0.165370889222064
9,6,0,0,14,-0.687274633307581,0.323431783740072,0.473586606910892,157.563991069731,-0.64726226914405,0.070518125578279,-0.661530474632543,0.39275959521668
9,7,1,1,21,-0.51574822587591,-0.03772663728043,-0.564541655845602,231.897161004634,-1.1386045957733,-1.59687344162377,-0.919387540581306,-0.165370889222064
9,7,0,0,12,-0.620680422096688,0.550380697865765,0.76812217587885,155.214527807413,-0.608199214214208,0.33353906103783,0.814395727679207,0.39275959521668
9,8,1,0,16,-0.938470823436998,0.496639606085844,0.731782607515102,117.756103701285,-0.833461215692486,0.971768736173343,0.160940968760702,1.89541859178253
9,8,0,1,-7,0.035634164271287,0.00581291151489,-0.073792279347037,251.235275654076,-0.779935076844259,-1.00896559325102,-0.917346217845173,-0.156784266384545
9,9,1,0,13,-1.08937741585945,0.604372344497577,0.841797536070898,95.6307842999299,-0.99034343168984,1.22672134445595,0.923236278072008,1.89541859178253
9,9,0,1,28,-0.345228603688232,0.218946332490063,0.361007325856298,192.920360209747,-0.534351664631721,-0.61562365294744,-0.613461112972845,-0.122437775034469
9,10,1,0,10,-1.21653014405909,0.594283697774068,0.682316100257316,118.091471625143,-1.09472421081623,0.793330208225584,0.782543922968804,1.89541859178253
9,10,0,1,-32,0.745488345252802,-0.089873657903327,0.739542258336979,213.029149455715,0.318648572287304,0.116325289826918,-0.828311663295677,-0.10526452935943
9,11,1,1,11,-1.23116170628653,0.638420625943471,0.666635435408597,127.387313076382,-0.881710606920547,0.473163802824148,1.21598755414145,-0.165370889222064
9,11,0,0,14,-0.024651239750399,0.315829331084651,0.387227321138853,230.130038728001,-0.253661367907187,-0.792527875110056,-0.625428749149765,0.39275959521668
9,12,1,1,-1,-0.499175815797129,0.323863547631576,0.330511286069298,194.606216767791,-0.546935583306077,-0.540435794051051,-0.438094013574199,-0.165370889222064
9,12,0,0,21,-1.13814084577052,0.348049088175578,0.218666253135582,149.37186491428,-0.74883837386202,-0.015702195811248,-0.185691447589474,0.281133498328931
10,1,1,1,-26,0.393549322419313,0.017438484729449,0.62414803934341,183.615175494409,-0.01133749949591,0.482969355839113,-0.882870706469008,-0.10526452935943
10,1,0,0,17,-0.577543976399431,0.135123025513022,0.532171346995626,135.00873298502,-0.409800907409703,-0.045982517196135,-0.757911564703801,0.358413103866603
10,2,1,1,-13,0.376325384827896,-0.065019064173812,0.052991743899512,261.888422704006,1.19846042535249,-1.24399284451986,-0.920222492142236,-0.10526452935943
10,2,0,0,22,-0.351538913495195,0.093310796078147,0.742017908199574,110.316108662861,-0.518236185814169,0.512321437810234,-0.91307053565247,0.358413103866603
10,3,1,1,5,1.95825830221471,-0.336887876451427,-0.321769738000927,412.257755536685,0.20052552622749,-1.6467287454437,-0.554769058693512,-0.10526452935943
10,3,0,0,19,-0.8383582454542,-0.271504022837397,0.85998555383732,76.6219967650933,-1.24321453294473,1.25163753884514,-0.709071471851473,0.358413103866603
10,4,1,0,22,-0.138902792853481,0.408933664858003,0.803527473665112,127.470702179703,0.1819640221638,0.909517695292189,0.058055887265554,1.98987144299524
10,4,0,1,8,0.767926730728195,0.27709037209026,0.132997134571737,316.211779765833,2.03077893690865,-0.033670845373957,-0.665973426246306,-0.10526452935943
10,5,1,0,25,0.037135830654201,0.368867401634725,0.72013571442391,164.224799701102,0.137218059483065,0.764977095167113,-0.249625489246129,1.98987144299524
10,5,0,1,22,0.442602169261805,-0.157245410203458,-0.587683864090325,321.914449998583,0.541414476962443,-1.39035687883953,-0.900102103149379,-0.732087996498328
10,6,1,0,19,-0.382259479778128,0.627888449597744,0.775932266817219,160.990171959839,-0.800013352508301,0.816146665531491,1.34544852999827,1.98987144299524
10,6,0,1,-12,-0.896563767996959,0.607728548562777,0.874433558184254,108.561065583923,0.291786637194154,0.803476889730278,1.38626052733816,-1.13565926986173
10,7,1,0,23,0.128415588189421,0.356531843316432,0.912475595130251,104.219750580086,-0.59786091999166,1.39645076083157,-0.303756084552521,1.98987144299524
10,7,0,1,18,2.06179656969784,-0.159814331418643,-0.425314977266322,444.953633741959,NA,-1.76593926917812,-0.924134308363695,-1.01544655013646
10,8,1,0,27,-0.266198762453087,0.371432981304868,0.66495284637697,155.75989463291,-0.431558472332235,0.32671024326352,-0.244913392698461,1.98987144299524
10,8,0,1,17,1.36255852669673,-0.408171708848893,-0.564568365901909,378.372873738018,0.429088028761048,-1.71791002682599,-0.228703196027944,-0.10526452935943
10,9,1,1,-20,0.52931768037839,0.307282596443881,0.445800770448456,274.950145797403,0.795343571809191,-0.767918376848295,-0.617298391365658,-0.10526452935943
10,9,0,0,26,0.852018579422688,-0.048955818808367,0.456147631494321,226.089097200335,1.86029255743499,0.160033647586818,-0.917181221808137,0.358413103866603
10,10,1,1,32,1.79253171326367,-0.055885647502052,-0.85738154662859,524.366734472846,-0.777332737308716,1.08519944074939,-0.872039649141258,-0.10526452935943
10,10,0,0,-11,-0.248022832422537,-0.251398924309173,-0.119499061150307,199.391114819167,-0.892325400118599,-1.13668299387699,-0.784392535757538,0.358413103866603
10,11,1,0,25,-0.276573842157761,0.361683769382167,0.808266843530829,117.573410063227,-0.135788466707402,0.919250865096892,-0.195110241943732,1.98987144299524
10,11,0,1,14,0.18427827101631,0.293468260216008,0.265843199500498,244.160641526199,0.05532889438774,-2.13258011272464,-0.933655741856145,-1.17859238404932
10,12,1,0,24,0.096140800701756,0.177968348763989,0.941393704164479,71.3316480331008,-1.03417954135962,1.47095567603457,-0.750961116312937,1.98987144299524
10,12,0,1,17,0.378970997104596,0.228617630764164,0.018218805932387,284.844115472012,-0.104485988512791,-2.45408806811093,-0.680630866048278,-0.10526452935943
11,1,1,1,-11,-0.648549087591873,0.731595295865357,0.819953268430047,176.463490131254,0.831871902062391,0.741862462385652,0.466878330872814,-0.981100058786383
11,1,0,0,10,-1.28058011355637,0.721740018623588,0.905851122206119,67.7117996568933,-1.04610932166579,1.18022457478607,1.93620281782961,0.39275959521668
11,2,1,1,-17,1.42562008948523,-0.514286743725375,-0.747470520812095,383.602676282325,1.22179983376197,-1.9214484246833,0.048861266345835,-0.981100058786383
11,2,0,0,9,-0.760117459996596,0.67361323491422,0.8283866621547,129.15238820606,-0.194996894352846,1.2166233913627,1.36367785445258,0.39275959521668
11,3,1,0,14,-0.27125695497607,0.43822800144764,0.801773723452071,140.032006259915,0.052498028026555,1.09223825049477,-0.085710442005829,1.07968942221821
11,3,0,1,-18,0.531732898606197,-0.330079629248391,0.225028313598177,202.797450216077,-0.154152038867012,-0.29883885352195,-0.381657738219346,-1.23869874391196
11,4,1,0,11,-0.723986053167023,0.708907835834496,0.851079767374056,129.356154575592,-0.078214067683604,1.17584886882649,1.52493231575428,1.07968942221821
11,4,0,1,1,-1.00004073214876,0.754453956632085,0.746292303797203,147.025064308592,0.116200182567129,0.634787698463932,NA,-1.50488405187505
11,5,1,0,13,-0.518193816138846,0.613688959607893,0.85849708717859,120.487200093564,-0.367547815835488,1.31827231429038,0.717594079834357,1.07968942221821
11,5,0,1,-34,0.600925892312944,0.062215754683405,-0.11930279078606,325.966819187755,-0.047685339011234,-1.84834443231112,-0.854306259919732,-0.10526452935943
11,6,1,0,8,-0.898778803430248,0.763451435130453,0.891220427233368,116.803953209031,-0.239607042647975,1.28408113253438,1.99641311626147,1.07968942221821
11,6,0,1,9,0.111053815302685,0.189344599697684,-0.112882044320001,282.379732857413,-0.117625182978308,-0.297647232550695,-0.584759199653252,-0.448729442860196
11,7,1,1,3,0.835386427398837,-0.327846652368196,-0.240147119499574,301.509767131011,-0.251523719585532,-0.693275948794708,-0.15169211148702,-0.981100058786383
11,7,0,0,13,-0.497149607611582,0.389022560806424,0.787187642199578,126.482181438367,-0.717677029222601,0.297876827506492,0.107134097118754,-0.113851152196949
11,8,1,0,9,-0.602776519380747,0.619847164537322,0.756667043272011,151.582711743905,-0.075275570784086,0.879700408833115,1.24007517227501,1.07968942221821
11,8,0,1,0,-0.028222734611746,0.042786792239576,0.042786792239576,236.589372318089,-1.13085879593846,-1.76196986778891,-0.918535258239011,-0.234063871922217
11,9,1,1,11,0.668311391083545,-0.211002760013924,0.020746375325888,259.850002673547,1.04649401553693,-0.763290607483875,-0.769314227400336,-0.981100058786383
11,9,0,0,19,0.279453581369444,0.333186706237997,0.851384546203054,141.267982826309,1.202492610417,0.790668575930187,-0.51207453808029,0.39275959521668
11,10,1,0,12,-0.794127111449606,0.678234302123919,0.833056136420787,128.874162664271,-0.219447473889074,1.23021386055478,1.51287917810087,1.07968942221821
11,10,0,1,1,0.611887306557016,-0.145860899085933,-0.150801951295063,293.580629087671,0.020998715211003,-2.44733896033854,-0.834771317727894,-0.362863214485005
11,11,1,0,14,-0.453483656465091,0.576136693015083,0.826010676463455,131.317439353782,-0.226642006466444,1.18936520164252,0.538551959809119,1.07968942221821
11,11,0,1,11,0.767400899206657,-0.40439841571671,-0.389963687418489,310.832442697411,0.05386076086224,-0.535732943827015,-0.259365290544871,-0.577528785422983
11,12,1,1,-5,0.804991095409395,0.035710469726288,-0.210302172856616,345.29536743485,-0.593167858108777,-0.288579192474865,-0.872665599172152,-0.981100058786383
11,12,0,0,16,-0.598099309564217,0.345294538041687,0.515653396722505,156.980667465971,-0.537949587176456,-0.132405220483502,-0.395177457737939,0.39275959521668
12,1,1,0,14,-0.821412996763455,0.485252171559744,0.921713084143931,69.0460107682824,-1.40471248685321,1.2846775219308,0.202661815142673,0.925130211142867
12,1,0,1,-3,-1.42208752310065,0.525726526909186,0.758346936002957,81.2688265336007,-1.21422703553656,0.446350478463191,-0.107178769773479,-1.75389611416311
12,2,1,1,1,0.875940311964189,-0.230585705041218,-0.181072283213217,303.294176696747,-0.165118680651503,0.546634557094105,-0.887011779683523,-1.13565926986173
12,2,0,0,13,-0.696193822044025,0.476691979224708,0.808025140661918,118.48492055999,-0.337884903808969,0.880103696535682,0.279737988780528,0.023534813203357
12,3,1,1,10,0.319701035443101,0.054698683588048,-0.525784541760461,317.014718875635,-1.20071572063417,-2.19337086628463,-0.930033674256086,-1.13565926986173
12,3,0,0,13,-1.23700826739631,0.313053553804928,0.832113922028684,60.0770099100436,-1.32554309693793,0.772454204017966,-0.684667002531033,0.39275959521668
12,4,1,0,14,-0.840578912081787,0.541531251814384,0.8132116230154,105.097452393605,-1.11638611104418,0.776709918832713,0.219560760221657,0.925130211142867
12,4,0,1,-35,0.268246274000931,0.237712753736022,0.608669302959603,197.539276883181,0.751225826848456,0.188983086397342,-0.779459497903722,-0.10526452935943
12,5,1,1,8,-0.437221546321744,0.549156227988162,0.853683446496718,147.713012066853,0.153542921716101,1.12814609983227,0.484570766500991,-1.13565926986173
12,5,0,0,13,-1.3990598161468,0.309837625320416,0.541402463483524,92.8032743880019,-1.31077006081247,0.122894903261171,-0.493992426381384,-0.148197643547026
12,6,1,1,-4,-0.450851214431133,0.036664947602005,-0.084919598960452,205.935310531384,-0.30233192661014,0.470232284714598,-0.928952692851173,-1.13565926986173
12,6,0,0,7,-1.12257133958038,0.680099545508673,0.698210686784981,138.043778173466,-0.548745199215315,0.816920485377837,1.36701749302,0.39275959521668
12,7,1,1,-1,0.041789298403267,0.011148383075601,-0.048884537836193,249.00533426969,-0.438163576568207,0.952692108391193,-0.938901487843531,-1.13565926986173
12,7,0,0,17,0.164845642848028,0.385679725590215,0.828327715264483,153.748846970325,0.358220238950831,0.941169807374895,-0.269668305751751,-0.440142820022677
12,8,1,1,13,-0.379210938802717,0.444543418710461,0.884868214628288,92.5939964343662,-0.940584059782226,1.32092400191152,0.218214298609735,-1.13565926986173
12,8,0,0,17,-0.405841738072603,0.337558373978243,0.659453327690344,156.417750829196,0.149596538822822,0.520003015343591,-0.562702804691549,0.39275959521668
12,9,1,1,5,1.82142799492928,-0.599509843086714,-0.745399376864167,409.205435382313,-1.22585184483826,-1.52899522735773,0.739782978383225,-1.13565926986173
12,9,0,0,13,-0.424981527928036,0.401140024763401,-0.026751408892742,255.552986650585,-0.41242393413297,0.084729838952536,-0.199735637875171,0.39275959521668
12,10,1,1,-13,0.365820304679377,-0.060666886851777,-0.217364834602901,293.605807714473,0.754682132390363,-0.682238390280349,-0.926521862715109,-1.13565926986173
12,10,0,0,5,-0.760173580697912,0.621195548905502,0.729786642820784,149.116451387172,-0.727544049994921,0.929491280881048,1.09911953976961,0.39275959521668
12,11,1,0,14,-0.903986632190056,0.532678364015072,0.731094639648611,121.898426714237,-1.06683023721803,0.773259934064535,0.330934370897817,0.925130211142867
12,11,0,1,-1,1.00351791376913,-0.436837873033695,-0.43828898692412,326.313734149949,0.274303081964114,-0.983167556065937,-0.262745957431969,-0.723501373660809
12,12,1,1,-6,-0.615017462115676,0.338453977885537,0.182900170703664,198.887884928823,-0.374228547495962,1.01303107819888,-0.391655308128242,-1.13565926986173
12,12,0,0,39,-0.276158330588288,0.33666787983973,-0.414828187787563,301.230840658396,-0.10899874984661,-0.757126575317792,-0.322741956732022,0.057881304553433
13,1,1,0,15,0.45608395593485,0.317519415519282,0.593743585161791,215.077342130872,0.214387926379608,0.288712749439881,-0.602203282140421,1.52619380976921
13,1,0,1,11,1.89524169985895,-0.307168886794672,-0.883975677353163,463.601025066938,1.12216049936522,-1.29750327861193,-0.552852525846771,-0.560355539747945
13,2,1,1,-28,0.570956561997186,-0.180834586239603,0.458019424812785,196.89680315243,0.58825614541895,-0.614371877464039,-0.741269757415491,-0.534595671235387
13,2,0,0,11,-0.275323256676289,0.457500195156121,0.599597429066827,177.706541724684,0.205357220488254,0.186699818316355,-0.474350700577371,0.39275959521668
13,3,1,0,15,0.654559699172389,0.21381650058999,0.115560792078915,314.677827750965,1.08183649492115,-1.15828300348426,-0.735072529358169,1.52619380976921
13,3,0,1,13,0.565984837631082,0.262866176564533,0.209718920537091,274.217696218223,1.38734009556755,-0.206970190011175,-0.528590677589648,-0.586115408260502
13,4,1,1,-13,0.849337747513683,0.136599139705664,0.218499611874583,307.617810559983,0.702838949870301,-0.811950826998972,-0.749615671680858,-0.534595671235387
13,4,0,0,17,0.044791811737104,0.395074554306667,0.559631454766597,201.900057009204,0.795272758833478,-0.080419915749969,-0.064081514788597,0.39275959521668
13,5,1,1,1,1.30995848241632,-0.298617850318039,-0.252363664100471,348.497927986562,0.433888871157973,-1.33505969984156,-0.540565121508092,-0.534595671235387
13,5,0,0,18,0.274329498809663,0.038422522143049,0.665341173651733,160.715226379585,-0.020933050572937,0.332919089975168,-0.912216543176837,0.39275959521668
13,6,1,0,-11,0.26608029361552,0.47106367138594,0.189442287700999,317.190830233135,-0.062186310842595,0.18814549529343,-0.160568652178113,1.52619380976921
13,6,0,1,21,NA,-0.021791552264738,0.860331399647872,740.070846094008,2.88484660532391,-1.53104702115859,-0.730151478832154,-1.83117571970078
13,7,1,1,-6,0.59535149872698,0.361081301604152,0.376789485455086,290.741435365333,1.14040966253933,-0.894609950370698,-0.808233415482057,-0.534595671235387
13,7,0,0,-10,0.200408433958245,0.19658328677817,0.156062708989173,261.936578398476,0.498965589014194,-0.953050694461658,-0.78603702095894,0.39275959521668
13,8,1,0,8,-0.216360471968971,0.658350945280516,0.666086338477251,210.625001640568,0.908282193616204,0.600739964340025,1.0004696986923,1.52619380976921
13,8,0,1,-30,1.16698159699971,0.191214770346844,0.787420413697704,221.044420462442,1.40502954270298,0.802423260872538,-0.802939725666559,-0.10526452935943
13,9,1,1,7,1.0883787113461,0.053891411819349,-0.041504745248997,343.551465086846,1.86599762784929,-0.298893522871151,-0.887288154360313,-0.534595671235387
13,9,0,0,29,0.362568133876017,0.462918942444818,-0.792737970424612,437.82834738958,0.882703229026375,0.279133835404888,-0.337928570282358,0.39275959521668
13,10,1,1,-29,0.923466118090535,0.35828830485538,-0.09257235589048,347.145776779499,1.2436024870923,-1.56061376455239,-0.32157029623965,-0.534595671235387
13,10,0,0,-7,0.473766487084801,-0.056694076150798,-0.116127236730296,288.849021535951,1.16515507307344,-1.45047547886867,-0.87890893864423,0.39275959521668
13,11,1,1,11,1.61890979790062,-0.132342865350991,0.149167938073606,307.546484539285,1.40112461272809,-0.250781801383197,-0.91149465970707,-0.534595671235387
13,11,0,0,-12,-0.129607151715427,0.151487210423635,0.049568622144492,242.027971201891,-0.007859182609162,-1.50855667291552,-0.836152896354139,0.39275959521668
13,12,1,1,-13,1.08329589240885,0.057226752440974,0.126839839684011,333.032427068765,0.858561373708023,-0.898429044291929,-0.887528674092784,-0.534595671235387
13,12,0,0,-19,-0.275475258273003,0.287625589882745,-0.09167784010272,264.585882310313,-0.288756134808431,-1.11225530194781,-0.544573053172263,0.366999726704123
14,1,1,0,14,-0.580360947152278,0.3764395321538,0.65684013666431,146.631931244887,-0.50740064841611,0.519892408370124,-0.624512453212512,0.246787006978855
14,1,0,1,-6,-0.625361398470467,0.001987242794948,0.03080856814299,181.849747306701,-0.418275085723379,-1.71545577316496,-0.825116386009838,-0.131024397871988
14,2,1,0,19,-0.71752412379184,0.346550513129777,0.799433043995915,132.018886418596,-0.442490507717418,1.0115896448211,-0.475060816734845,0.246787006978855
14,2,0,1,-3,0.592584031619682,0.007902303600419,0.067041351478777,284.888918074121,0.376819788103501,-0.808251183234461,-0.913831030772472,-0.10526452935943
14,3,1,0,17,-0.698761469814672,0.434066907489598,0.764557782002021,128.151102694661,-0.695723063234269,0.977836655820579,-0.360067594548004,0.246787006978855
14,3,0,1,15,-0.182015933120228,-0.558403957177096,-0.573579732961579,204.839552106806,-0.769995095195586,-1.55248875279507,-0.641817945420412,-1.46195093768745
14,4,1,0,16,-0.524422937525361,0.318624463190403,0.786214481071593,120.498817626771,-0.606074428106679,0.886078617503233,-0.774869871247615,0.246787006978855
14,4,0,1,-11,-1.50708910152283,0.683584792701943,0.958997199981212,48.1554571090888,-1.52189641549923,1.46603037859722,0.682380762998384,-1.55640378890017
14,5,1,1,5,-1.43845293229576,0.715461768025044,0.714587358238989,89.641097709771,-1.18250581155925,-0.072857410149096,-0.827311462056992,-1.81400247402574
14,5,0,0,20,-0.524587853971395,-0.087324297819016,0.795798854904074,109.600986875032,-0.785837888637582,0.558268418833037,-0.882328352831257,-1.24728536674948
14,6,1,1,-5,-0.738604036272961,-0.53265495747108,0.19972107761625,130.284157757191,-1.6466810284961,0.691096999905441,0.54851343287599,-1.81400247402574
14,6,0,0,12,0.328524438503757,-0.9589362143957,-0.991814686194238,181.973709730631,NA,NA,NA,-1.92562857091349
14,7,1,1,3,2.33134578742402,0.039500125548488,0.270018033563612,421.114059306967,0.894290831083541,-1.89962365855749,-0.947579885973834,-1.81400247402574
14,7,0,0,17,-0.794816813999704,-0.270493075074486,0.643960022321405,99.6172673755274,-0.989969937382999,1.05261341376072,-0.458974964939956,-0.637635145285617
14,8,1,0,15,-0.742560861502199,0.407504509005155,0.653101124043501,153.66499388175,-0.316619350590487,0.565766135713995,-0.517879607647294,0.246787006978855
14,8,0,1,13,-0.156816183428866,0.275820650523514,0.47816663866635,195.61523420468,0.326006594220078,0.125006749549307,-0.388641733568183,-0.620461899610579
14,9,1,1,-2,-0.962895941310198,-0.630836906569905,-0.744345624634365,158.235930915543,-1.27997410791407,-0.940002029167584,NA,-1.81400247402574
14,9,0,0,14,-1.68822902161982,0.437336056352173,0.717707773878013,70.4345894540164,-1.40983556263953,0.719232705150918,0.109755655612865,-0.50883580272283
14,10,1,1,-1,-0.322239052963014,-0.832626294471148,-0.881927652086087,213.189967645618,-1.30502434565776,-1.67254417996033,NA,-1.81400247402574
14,10,0,0,16,-0.460005939934091,0.026860109493565,0.892678966254841,101.440600051604,-0.774350924819581,0.856502219299412,-0.930677905692507,-0.886647207573672
14,11,1,0,-10,-0.460138487078051,0.305762530322137,0.05031736856233,232.742549809529,-0.604763116552552,-0.265231666314563,-0.393435796848041,0.246787006978855
14,11,0,1,-3,-2.28731513202266,0.970157344931823,0.965658200032641,34.2804622517399,-1.57338427436796,1.52948414509067,NA,-1.87410883388837
14,12,1,1,3,-0.219671495156137,-0.933766668638462,-0.9836769163547,219.470701717943,-0.987684050576983,-0.539335664221684,-0.741744079788798,-1.81400247402574
14,12,0,0,5,-1.18676391820765,0.711123439685212,0.722521733509868,134.215463016007,-0.727651601586956,0.712583976082683,1.94191010377816,0.39275959521668
15,1,1,1,22,0.503584464936296,-0.113236616387882,-0.039304130044763,282.864974526427,-0.195449486468166,-1.6072408721259,-0.871209929570813,-0.10526452935943
15,1,0,0,15,0.049867995375675,0.203400461563845,0.651351966010852,165.238297937472,-0.157868139031872,0.254697611969362,-0.713257526570155,0.349826481029084
15,2,1,1,-11,0.664473749071266,0.069025857169691,0.221093441941464,278.783136615724,0.157589728402362,-0.667184496823573,-0.907756816963293,-0.10526452935943
15,2,0,0,3,-0.966565174333959,0.817302941660725,0.845792612313846,145.764940729985,-0.046970256233454,1.28529628180471,NA,0.349826481029084
15,3,1,0,10,-0.905002430261825,0.728599281833453,0.76919117089363,148.990016822507,-0.714405397459583,1.08553363801364,2.00555147939682,1.99845806583276
15,3,0,1,-23,2.47417107050627,0.190693344355211,0.696334007096263,491.557862438699,NA,-1.76152808847684,-0.591077796238264,-1.41043120066234
15,4,1,1,-1,0.695985454971975,-0.340795815556088,-0.354483907127302,301.684741943228,-0.050057878316162,-1.74670870643128,-0.554430876974913,-0.10526452935943
15,4,0,0,13,-0.411325893848359,0.324263258812084,0.537011587189557,165.453480596393,-0.922520869318172,-0.099108262204002,-0.583952413590599,0.349826481029084
15,5,1,0,10,-0.813439729483444,0.715398434838193,0.76283356087079,155.071863051774,-0.167415802155555,1.02034332258432,2.10196642010666,1.99845806583276
15,5,0,1,-6,0.910904421135042,-0.447007798373309,-0.329885449538887,293.886248119617,-0.182936219928487,-1.67452180394759,-0.03489409713428,-0.173957512059583
15,6,1,1,-20,1.20697314034528,-0.273574509789015,-0.608069675016208,385.894475790134,0.642690166888682,-1.28001866882193,-0.866507599437151,-0.10526452935943
15,6,0,0,10,-0.780673271484401,0.719830869717922,0.77533692025517,167.013282160325,0.42839568607516,0.924627715024799,2.00593432740079,0.349826481029084
15,7,1,1,1,1.08822678416955,-0.001656292351752,0.011800680365607,333.030702937786,1.00031457949132,-0.039743119193816,-0.92030876533023,-0.10526452935943
15,7,0,0,6,-1.19819856253716,0.393942481688393,0.473157344827239,127.918791635397,-0.762924966619806,-0.099614190407189,0.572564185794823,0.349826481029084
15,8,1,1,10,0.945282515851595,-0.343823356010541,-0.29166944395019,311.269164254274,0.549475053669952,-1.98440285839496,-0.548797907177113,-0.10526452935943
15,8,0,0,36,-0.619340668736228,0.250206434978928,-0.572193183486315,232.077279905072,-0.543983037105718,-0.906897153173657,-0.574591539713688,0.349826481029084
15,9,1,0,12,-0.773035342737351,0.663237129745067,0.79465189169016,142.054790070744,-0.01488478120348,1.1519209653624,1.11851942079668,1.99845806583276
15,9,0,1,12,0.963536639810314,-0.55490160465816,-0.825386128457454,362.190099140987,-0.212688842266106,-1.97731481645772,0.154994729671411,-1.45336431484994
15,10,1,0,11,-0.758104846808591,0.668389795410316,0.781270041278401,147.882209598265,-0.244777747812298,1.14202759042908,1.61720571428402,1.99845806583276
15,10,0,1,-3,1.2991961445263,-0.480117683742452,-0.502273850130917,356.641753173765,-0.716093498351123,-1.24494406600981,0.09758122712989,-0.10526452935943
15,11,1,1,-29,1.20381527262811,-0.25203501619362,-0.57084717456335,336.371723679883,0.23584626382644,-0.980408858082199,-0.691497057577592,-0.10526452935943
15,11,0,0,10,-0.852991499671983,0.393826517581869,0.36537017658975,168.322503637583,-0.729886337555634,-0.327074740161038,-0.3292426258252,0.349826481029084
15,12,1,0,11,-0.48130005060318,0.601137108648808,0.712161922380162,165.77190778805,0.44285954696376,0.811935720684414,1.01598067013667,1.99845806583276
15,12,0,1,5,1.4181997544051,-0.183164571979008,-0.401059976390485,387.810192767106,0.557627853269166,-0.836513895391682,-0.91429806494408,-0.895233830411191
16,1,1,0,12,-0.586003685622801,0.605384518169234,0.948108257916559,75.6287879359389,-0.987892530549915,1.56405922337408,0.744743249312846,1.59488679246936
16,1,0,1,9,0.137820273661803,0.26004041787456,0.385052604318661,224.813489184791,0.247583262410497,-0.405925473362359,-0.874387487408811,-0.534595671235387
16,2,1,1,-9,1.41383965592501,-0.438739911988867,-0.255458025822415,345.716777910185,0.614387863744254,-0.755648384932009,0.103645321023456,-0.465902688535234
16,2,0,0,13,-0.94367485400531,0.647924542855341,0.731183922433135,133.36211157897,-0.266464452100519,0.896089452720618,0.797910144004764,0.39275959521668
16,3,1,1,-13,0.630677559021598,-0.120702135113146,-0.23572757381662,294.154872272391,1.10961140246364,-1.66187350779302,-0.831176912494544,-0.465902688535234
16,3,0,0,14,-0.167538354836824,0.360785675005828,0.584041800703484,173.08637538113,-0.065539359902806,0.064610756951121,-0.323993985185312,0.39275959521668
16,4,1,1,-10,0.457075267219646,0.198575234544558,0.441223748562858,230.693066116348,0.409643198984836,0.223496950650233,-0.706014206958605,-0.465902688535234
16,4,0,0,13,-0.75240572714501,0.526999068603678,0.730357649376005,128.635551007931,-0.443812776965292,0.522670678599451,0.281929938288949,0.39275959521668
16,5,1,0,10,-0.745102008417275,0.687093260200161,0.911311888286562,94.5886266195555,-0.622898130013976,1.4647732849329,1.56559211254012,1.59488679246936
16,5,0,1,-8,-0.568774856302461,0.190750361831041,-0.130335428643731,196.487088584543,0.133044625812423,0.685184634410414,-0.633965548685524,-1.32456497228715
16,6,1,1,-31,-0.24177327080634,0.594600031036106,-0.800841970762561,442.009458873717,-0.153496494473515,0.354913988813881,0.144123889046064,-0.465902688535234
16,6,0,0,14,-1.01774548423945,0.407927284663906,0.777317993962363,88.7026357238163,-0.992579532945674,0.812702355725416,-0.284674235388222,0.178094024278701
16,7,1,1,-31,-0.04300776629581,0.590221424185734,-0.763744413783997,421.142239383062,0.018680864508197,-0.250760860329277,0.596534450185435,-0.465902688535234
16,7,0,0,18,-0.119601727143358,0.083742748681976,0.752934866340077,136.955860781797,-0.958630925104555,0.267099624698083,-0.890713586885501,-0.079504660846873
16,8,1,0,10,-0.751774025551958,0.688519542873076,0.880988405694483,111.553479230107,-0.535302662852864,1.29094008102892,1.42368421015136,1.59488679246936
16,8,0,1,3,0.403991424348758,0.265393355951081,0.232692720553315,280.556993651599,1.25730748610314,-0.235302116699951,-0.719631107946815,-0.242650494759737
16,9,1,0,13,-0.436433309996012,0.52553314757244,0.937431587700338,95.7136133237112,-0.500576042546868,1.42735802360967,0.123032797440097,1.59488679246936
16,9,0,1,7,1.03184468513349,-0.596649221779368,-0.607705589815624,333.128852871246,-0.648893547195956,-1.49536537807397,0.463645273657577,-0.10526452935943
16,10,1,0,10,-0.753620589257197,0.717833710037279,0.91656917747767,97.2037857187675,-0.459861151574489,1.42707378667255,2.19047987183146,1.59488679246936
16,10,0,1,-29,0.505608393286582,-0.085555170367813,-0.445262408217491,323.716812640243,-0.352166152345243,-2.13725019457939,-0.869922975447461,-0.10526452935943
16,11,1,0,6,-1.09644221738968,0.778360218805096,0.875863953838346,110.225385202265,-0.626389108661885,1.39392187493594,2.23155807804035,1.59488679246936
16,11,0,1,29,0.390349737612441,0.249584159439608,-0.602342045068702,388.766160430748,-0.522705503521333,-0.115092073059254,-0.307765443467573,-0.10526452935943
16,12,1,0,10,-0.80446447765516,0.666396602314321,0.780573981914733,141.616322215924,-0.36159572501322,1.06191629074032,1.22339972985245,1.59488679246936
16,12,0,1,2,1.31621967898282,0.099234460287446,0.141976786913133,345.13500414199,2.14871371179465,-0.303993851696023,-0.648853772780221,-0.465902688535234
17,1,1,1,-3,1.4475303088462,-0.850363709778729,-0.839801077227515,369.505750301241,-0.711536365777463,0.170869493145448,NA,-1.27304523526203
17,1,0,0,0,-0.330146472459014,0.300272755444948,0.300272755444948,210.126383854386,-0.103433144909618,-0.612494159621129,-0.389002954894039,0.39275959521668
17,2,1,0,21,0.485354983722255,0.005787786325695,0.817535255961039,140.542636185545,0.094913284939396,1.01364976503428,-0.913554573517234,0.787744245742561
17,2,0,1,-19,0.213691581851538,0.286371254320541,0.768178535727123,162.763662181483,0.356747751859546,0.887951864571664,-0.5142870824105,-0.328516723134928
17,3,1,0,22,0.378382496380548,0.116436508727666,0.862883521286069,116.96616064834,-0.104106768498309,1.22218183589533,-0.889326631006323,0.787744245742561
17,3,0,1,-10,1.16773611368718,-0.370697763749644,-0.047347892143009,356.694786319354,1.69886490909731,-2.81469994652657,-0.837571774511691,-1.71954962281303
17,4,1,1,9,-0.074632652080937,0.411097826785779,0.831797470605113,125.360579584151,-0.259573438581979,1.235582787815,-0.157258516347451,-1.27304523526203
17,4,0,0,21,-0.156518119176149,0.443732896199993,0.031426705561575,286.590774767799,1.70252796637796,-0.148326014501065,0.161908321894515,0.39275959521668
17,5,1,0,18,0.019722285897163,0.219179223142617,0.707151202415745,150.992320185803,-0.094843000539995,1.00957741095079,-0.65121759221609,0.787744245742561
17,5,0,1,-23,0.1533543296995,0.116740937503641,0.373278208424517,215.403748105664,-0.260768331374029,-0.368684834955813,-0.862561805587365,-0.10526452935943
17,6,1,0,18,0.207604299937711,0.130252545204607,0.681486281163621,166.015459618745,0.543731513962204,0.627714743638602,-0.838300007407116,0.787744245742561
17,6,0,1,-23,1.52413626636957,0.027576271873073,0.802232891982176,182.375696121976,-0.50999882035118,0.897339467331671,-0.919797349553302,-0.10526452935943
17,7,1,0,-15,-0.05865130268102,0.462746794635459,-0.134219561201241,329.755628675672,1.39666204919172,0.147554888737169,-0.122778676479354,0.787744245742561
17,7,0,1,-4,-0.291073911829725,0.050816130825613,0.211825236300483,207.848561110219,0.344984233431842,-0.141836703518186,-0.955870123808838,-1.48771080620001
17,8,1,0,13,0.158767939378645,0.202268627182479,0.58132605777219,195.044367211017,0.166127554640053,-0.040693910692236,-0.790858341283388,0.787744245742561
17,8,0,1,-2,0.093096705529082,-0.059499446491378,-0.028165255431249,244.990437240866,0.240444897765631,-0.922990650830599,-0.900544933786642,-0.234063871922217
17,9,1,0,18,0.720798992142858,-0.109080875236832,0.674956841533745,176.999654689289,0.167345979185397,0.454085037585951,-0.878333627590863,0.787744245742561
17,9,0,1,4,0.449718733205244,0.202366764788435,0.186746119064084,282.944764611386,1.12132098442275,-1.16765380633035,-0.781707052650489,-0.10526452935943
17,10,1,0,-9,-0.132469104255172,0.370907850163526,0.03510720283158,278.914926649148,0.624102940834427,0.319872922760559,-0.366201799992157,0.787744245742561
17,10,0,1,-17,-0.608181462806924,0.94056459489008,-0.107526036632485,281.71525922187,0.041169799641762,0.110852987922832,NA,-1.59075028025024
17,11,1,0,-13,-0.792534508102161,0.563348585385226,0.189003298258621,231.389978801128,-0.514664740990165,0.882962177598564,0.660905115497283,0.787744245742561
17,11,0,1,-14,1.66427699121164,-0.340306922335586,0.166816741644948,351.267487607156,NA,0.209274361940794,-0.96429383582649,-1.55640378890017
17,12,1,1,1,1.34449921275933,-0.940720861403286,-0.95144974757726,357.348748390499,-0.759706885847997,0.124658558900695,NA,-1.27304523526203
17,12,0,0,15,-0.50335619014516,0.33954161182963,0.696262807769969,138.486096803686,-0.515954790208848,0.635767444413122,-0.377683485035677,0.39275959521668
18,1,1,0,16,-0.468002277254699,0.415621007291712,0.845312302416824,116.535627095565,-0.180140678785904,0.694897926450593,-0.139861286478876,0.581665297642101
18,1,0,1,6,0.449345404598804,-0.338993126680673,-0.346306608238562,285.090987692513,0.012997269005204,-1.29306127002418,0.410396186854244,-0.895233830411191
18,2,1,1,-9,0.317652630916785,0.479111990859724,0.572588404989519,226.591517292498,1.1463796775319,-0.386302820419794,0.083783790412727,-1.47912418336249
18,2,0,0,13,-0.62550207155953,0.68186455443542,0.850747091536405,130.225639159335,0.333004923838233,1.15578786674979,2.05327741980304,0.39275959521668
18,3,1,1,13,1.64549477482501,-0.127892687895048,-0.479818484650621,432.519262836136,1.18065871978337,-1.86127876421605,-0.677762578387913,-1.47912418336249
18,3,0,0,13,-0.629885464562348,0.43380111484287,0.572387904648954,148.149842994308,-0.314791135033761,0.306274273648047,0.225107334041866,0.39275959521668
18,4,1,1,-6,0.566611825027964,-0.008348134949055,0.322099447274293,248.901627951936,0.06014662730813,0.663199136791133,-0.952815301914941,-1.47912418336249
18,4,0,0,16,-0.422296735025387,0.386373467869126,0.772242418113671,130.767579264966,-0.968380435989146,0.748576568350172,-0.455500680360254,0.39275959521668
18,5,1,1,-5,-0.410991521461967,0.683281666290277,0.676273895676591,178.599860505411,1.16671430884905,0.577557787079266,0.325916376978936,-1.47912418336249
18,5,0,0,-4,0.283371648651844,-0.593731374524904,-0.688829735855952,270.133385101365,-0.483468526816194,-1.83127224539665,1.09455008676384,-0.775021110685923
18,6,1,1,12,1.40904535149496,-0.062895046332529,-0.234061685842853,387.392180356554,1.42265427786277,-1.88053349837482,-0.850209017069022,-1.47912418336249
18,6,0,0,19,-0.661657163389019,0.31177488970497,0.495397372695922,126.812582210565,-0.868559430854354,-0.758105556158032,-0.807986461208648,0.100814418741029
18,7,1,0,18,-0.807222145049999,0.431790146514076,0.795814684549008,131.578102055333,-0.349156252891834,0.701971956072925,-0.218040330990129,0.581665297642101
18,7,0,1,10,2.77889763650669,-0.628359956763068,-0.961995285155156,585.87979598521,NA,NA,NA,-1.92562857091349
18,8,1,1,30,0.706541217807014,0.23589736470739,0.385676408006063,409.405885308805,1.13169185127878,-0.853760410828534,-0.34183207788838,-1.47912418336249
18,8,0,0,-8,-0.492485143626127,0.228180118917283,0.169733230440257,203.66866130055,-0.756863705497073,-0.292281997364805,-0.682209106303823,0.006361567528319
18,9,1,1,-30,0.096268457277858,-0.477020623080937,0.958813385201965,94.1652608469923,-0.704208687112161,0.134551881824538,0.724417145925135,-1.47912418336249
18,9,0,0,11,0.20023267685223,0.41052666678526,0.526314416381102,213.62124331286,1.9765420326641,-0.379728961730601,-0.213208537046512,-0.792194356360962
18,10,1,1,-25,-0.512601686089432,0.502646442167447,0.936410000488113,92.7152724427564,-0.364356928526942,1.27453683757782,-0.140181128417111,-1.47912418336249
18,10,0,0,9,-0.928584959224951,0.681079927819812,0.758459903218336,140.307896979956,-1.1510373478292,0.683467404360353,0.949725911774646,0.39275959521668
18,11,1,0,18,-0.540948428653891,0.395456216303042,0.888425037287381,93.4690364266525,-0.69311654833256,1.21307078008989,-0.226253326731989,0.581665297642101
18,11,0,1,16,1.16591580837531,-0.321166921167341,-0.487315930355214,371.414600951065,0.966982860688098,-1.67160844350462,-0.18893120940915,-0.431556197185158
18,12,1,1,30,0.330188469847423,0.034383078265905,-0.797899083945407,362.843713532236,1.01910187074584,-0.635561162832681,-0.883402524891058,-1.47912418336249
18,12,0,0,-18,0.246696297288942,-0.66045819175602,-0.195518359275793,224.009188040842,-0.757147210181856,-0.581701619919342,2.49692065181637,-0.414382951510119
19,1,1,1,9,-0.013942114883517,0.626516066240604,0.699062038668101,236.432002673815,1.68462316714984,-0.289730883255121,0.295715261921723,-0.826540847711038
19,1,0,0,14,-0.082883503573457,0.378682235726008,0.623860504693448,175.788853974148,0.458494567382049,0.372601111258743,-0.223658622464242,0.39275959521668
19,2,1,0,10,-0.421770332343171,0.651598899000033,0.78179847293838,166.056661297011,-0.055084641638559,0.675067245593662,1.4380280555327,1.23424863329356
19,2,0,1,6,0.491688074436642,0.424343205926198,0.450052474934201,270.171418658358,0.003736594525173,-1.17257101840086,-0.061029720214491,-0.148197643547026
19,3,1,0,10,-0.449544746782075,0.648374102950476,0.806624582542186,150.719198052096,-0.043644063667898,0.930829098121948,0.336612744438927,1.23424863329356
19,3,0,1,-14,0.548223243324899,-0.411346995523071,0.576303188585296,215.98589519504,NA,0.888567393315614,-0.341325638895285,-1.62509677160032
19,4,1,0,16,-0.026492630999524,0.338348931964768,0.572629122726137,197.746919205038,-0.146540574307018,0.238774704576912,-0.625279532539678,1.23424863329356
19,4,0,1,8,1.3904795989676,-0.939220652420942,-0.95309467451684,349.590456389373,-0.601375083997345,-1.37025099535027,NA,-1.63368339443784
19,5,1,0,15,-0.27603523351707,0.445792536285761,0.745852494013995,157.358964180319,-0.280476414591031,0.596768546184667,-0.050431419309979,1.23424863329356
19,5,0,1,-16,-0.00102589193686,0.233571515398186,-0.232269672468008,296.796384522088,-0.344949292065916,-0.424448019464806,-0.90230028577426,-0.165370889222064
19,6,1,1,17,1.01407932909848,-0.256518929156472,-0.897241806463058,389.451648470796,0.16694763940762,-1.10261139756403,-0.652479517650498,-0.826540847711038
19,6,0,0,-1,-0.769946034906854,0.714439514256659,0.718211546123784,170.370056702567,0.623173181927656,0.868361514794875,2.33744400481954,0.39275959521668
19,7,1,0,-13,-0.21703297148954,0.635166990872471,0.128383684899953,297.26744440577,-0.372665431043624,0.006435735411538,1.22106315226469,1.23424863329356
19,7,0,1,-7,1.64264802624302,0.331233362482912,0.403134818757706,379.158988124597,NA,-0.443540285174812,-0.212788212943049,-0.10526452935943
19,8,1,1,11,2.92360441018899,-0.228680466138737,-0.588893613303288,524.129077764693,NA,-0.40825057035797,-0.909014178901328,-0.826540847711038
19,8,0,0,-9,0.329555705855742,-0.442290699885381,-0.76120922161635,296.283234122202,-0.65623897036806,0.286257986878507,0.039806543606029,0.39275959521668
19,9,1,1,9,0.687555809390024,0.79759619294304,0.858009049678723,295.444328866525,NA,-0.210233816344977,0.874243598442881,-0.826540847711038
19,9,0,0,20,0.178148151235181,-0.180194313288086,0.507218807923477,191.447844679415,-0.079348098068871,-0.801328702242408,-0.798989883525228,0.014948190365838
19,10,1,0,11,-0.735773029653286,0.708430650274214,0.803408521692525,151.032046377314,-0.595780631364214,0.976018918191568,1.1227890034895,1.23424863329356
19,10,0,1,-3,2.36136822530707,-0.866895483242663,-0.868714376280249,445.192326754127,-0.173621838276606,-1.40593318902283,1.20733665885727,-0.843714093386077
19,11,1,1,19,2.82023277050962,-0.425058923115354,-0.660521832092688,501.135519043936,NA,-1.36056416525263,-0.427678932188133,-0.826540847711038
19,11,0,0,18,0.274601637365311,0.193825550172293,0.75502310517187,153.742389390718,0.003818151872593,0.349769263835413,-0.840365660830908,0.39275959521668
19,12,1,1,2,1.72868535854877,-0.753295178716846,-0.785729842007175,394.032179528957,1.22246965903411,-0.476703080473278,1.8921162404646,-0.826540847711038
19,12,0,0,16,-0.240493295541768,0.302078979459455,0.729474123705626,147.435106316328,-0.243839837782078,0.729966456929168,-0.4520912631986,0.39275959521668
20,1,1,0,15,-1.20628293635283,0.708253176562642,0.949181423957894,75.0695912780974,-0.834359432601275,1.60640364307046,0.294831234530451,1.50902056409417
20,1,0,1,-11,-1.33634861689007,0.518109583783822,0.747490878946218,91.1480971277534,-0.851297710583606,0.868207990365517,-0.238991999641552,-0.61187527677306
20,2,1,1,-1,-0.512723132185027,0.628348614319275,0.616284746314646,196.372178803972,0.374537268804799,0.436765302354762,0.533740039433747,-0.551768916910426
20,2,0,0,16,-0.060092238733797,0.270977888156202,0.740631380345984,167.38900102192,0.328505143319103,0.200041674064637,-0.690377070742784,0.39275959521668
20,3,1,0,14,-1.25971076785644,0.769663785467419,0.949817303629771,84.44832657737,-0.714208910173267,1.63267670069693,1.84016485411023,1.50902056409417
20,3,0,1,-20,0.756127968664407,-0.464625385772907,0.883870852778305,236.347007939679,1.12390208208992,1.12941954130519,-0.437797611898777,-1.78824260551318
20,4,1,1,-2,-0.516876594407477,0.568303344821497,0.577781974434888,191.507129988008,-0.506114746305711,0.233768534326714,0.25432442163535,-0.551768916910426
20,4,0,0,0,-0.403628701172928,0.285440272114506,0.285440272114506,203.685819145535,-0.139975444825844,-0.928411681833441,-0.320597115612583,0.39275959521668
20,5,1,0,13,-1.13206695644877,0.712270817560791,0.909927760375945,88.0136809952635,-0.884718183141738,1.47232733132723,0.89767490572133,1.50902056409417
20,5,0,1,-14,-0.924216754419965,0.50855317272422,0.883950651843379,88.3428481237526,-0.830402070206442,1.34840804783616,0.129398453559363,-0.689154882310732
20,6,1,0,14,-1.12456888184422,0.711920910664555,0.937701105883338,72.4522097472065,-0.903701133474838,1.56864299821576,0.661236144918419,1.50902056409417
20,6,0,1,-15,-0.668526771881072,0.532144103618196,0.783518607055703,126.961737242033,-0.560043413975969,0.903437951676445,0.131188449873753,-0.989686681623902
20,7,1,0,15,-0.928158297583647,0.594756957611453,0.852504527338395,111.317290044848,-0.497703047893801,1.36416193929497,0.169172009825042,1.50902056409417
20,7,0,1,-1,0.165031447025633,-0.004889102654599,0.038910829869287,248.165943282295,-1.30012907603716,0.342919636791945,-0.908513592372514,-0.10526452935943
20,8,1,1,-11,-0.546243309552574,0.668110439280217,0.827086725449222,151.854177387222,-0.189551528499982,0.957535748828648,1.06628070724034,-0.551768916910426
20,8,0,0,9,-0.685217868608705,0.550419636270783,0.53097911772976,178.652067746435,-0.909860622154218,-0.038798471105569,0.035469579933461,0.39275959521668
20,9,1,1,21,1.15301324131415,0.012680166529727,-0.674178405069764,431.518133788445,0.473670927985467,-0.400663701038155,-0.891073678361972,-0.551768916910426
20,9,0,0,12,-0.740877114626721,0.441165350827652,0.674818885116868,145.226855961846,-0.800512289562151,0.104160876796893,0.048506041586368,0.39275959521668
20,10,1,1,-5,-0.326275936891198,0.567785839060319,0.554589222397621,211.637242942287,0.33857961807873,0.215804186427658,0.683611361846674,-0.551768916910426
20,10,0,0,15,-1.06325744514761,0.767833626809775,0.919256723134933,96.1981768967608,-0.321047059302576,1.45149693107847,1.53109585981234,0.39275959521668
20,11,1,1,-5,0.731362978476744,-0.091176413148465,0.002890682239663,288.984243021733,0.707627136002857,-0.955009582367484,-0.924506195679054,-0.551768916910426
20,11,0,0,13,-0.246895043407647,0.560917811260261,0.787745724809664,171.404817544457,0.486321323269407,0.986399590859283,0.653863803840011,0.39275959521668
20,12,1,0,12,-1.19761250392538,0.809695188267327,0.958764757383178,80.0364902292809,-0.335670346814668,1.49417619232841,1.57173226294968,1.50902056409417
20,12,0,1,-21,-0.744635869789367,0.556227470645648,-0.241702156980912,303.573176929806,-1.12845786059038,0.171249661356986,0.766876450256809,-0.448729442860196
21,1,1,1,-3,NA,-0.902023397768255,-0.922785077783706,528.862004189995,-0.142780594566405,-1.45432696984341,NA,-0.955340190273825
21,1,0,0,9,0.17521099874543,0.693974062815333,0.823959920674039,213.343663902153,1.98806139327208,0.964948005701426,1.75487821985064,0.39275959521668
21,2,1,1,13,1.42808677764796,-0.24787588828598,-0.76959761926145,406.060752044499,1.48972209048299,-0.962459740036335,-0.562764889761241,-0.955340190273825
21,2,0,0,14,-0.17610843783081,0.523198614523948,0.775081177682818,167.932065950103,0.13446665384171,0.83918639615365,0.326089028407456,0.39275959521668
21,3,1,1,-2,1.84495468147381,-0.071381175643484,-0.090237859397364,401.012434026169,1.7085961022522,-0.198136865990025,-0.856946729113837,-0.955340190273825
21,3,0,0,18,0.15130485764502,0.425255733933481,0.7200991844066,193.961619730135,0.595165591251974,0.560040615247212,-0.133564475384929,0.39275959521668
21,4,1,0,18,0.114705421363333,0.257606368595761,0.826461690941892,123.55133750553,-0.400014198161464,1.16490780684797,-0.669366049595593,1.10544929073077
21,4,0,1,-10,1.95123375424019,-0.751861032167453,-0.45592014172574,369.437023684416,0.983894506509495,-0.414729241366614,2.6581073160845,-1.17859238404932
21,5,1,1,-21,1.02529497438107,-0.078198676888002,0.548285255700193,243.736966046172,0.639363839945591,-0.500039980015917,-0.898892966050524,-0.955340190273825
21,5,0,0,16,-0.471915471037416,-0.092880536382806,0.919073639657587,61.0165773601013,-0.957059042294393,0.795442503313511,-0.894302853549502,-0.714914750823289
21,6,1,1,9,-0.051204800643305,0.480883489017778,0.336305197864422,262.232871800258,-0.499766506063765,0.800739864364065,0.3428169650986,-0.955340190273825
21,6,0,0,10,-1.04501346769791,0.684697580786376,0.720274926283257,140.636224362227,-0.891227007505043,0.835423378010424,1.72799796963137,0.39275959521668
21,7,1,1,21,0.413929859488071,-0.137541804295845,0.746582523952361,140.87624967002,-0.335110504700708,0.246431225371744,-0.728028074274174,-0.955340190273825
21,7,0,0,18,-0.516641788026395,0.428422379743485,0.768594734793874,124.173932982547,-0.816796990845247,0.718318929060107,-0.466529937162931,0.39275959521668
21,8,1,1,NA,NA,-0.137541804295845,NA,NA,NA,NA,NA,NA
21,8,0,0,22,-0.153313913274468,-0.302030628882419,0.487990836444877,137.1518105753,-0.587133252145349,0.450704716477776,-0.47306988068543,-0.242650494759737
21,9,1,1,-6,1.48021842492364,-0.004467135633753,0.267334786284229,321.231364337707,-0.685990292189927,1.31344425893496,-0.93318140791368,-0.955340190273825
21,9,0,0,9,-0.73827529852825,0.677767206426439,0.926109140300965,86.7695348790148,-1.12867609286441,1.53160956826243,1.10867176947847,0.39275959521668
21,10,1,1,-24,1.20019123487443,-0.608158127148997,0.204837221769856,251.665963950935,-0.246148746678076,-0.511833560364076,1.26463448671608,-0.955340190273825
21,10,0,0,1,-0.682307297602574,0.382890245395351,0.417744975644787,174.67602543275,-0.768980066062642,0.855988631578631,-0.212025732300674,0.39275959521668
21,11,1,0,17,-0.052990919598557,0.337436275297442,0.914398073393232,93.7121685629804,-0.511562409565683,1.37206637891669,-0.406617873302799,1.10544929073077
21,11,0,1,-5,-0.223031571730435,0.718559268597837,0.708177402696399,213.02721297586,0.197001878602166,-0.714932634269152,1.61071667582211,-0.242650494759737
21,12,1,0,13,-0.187067781396042,0.451421471941673,0.815130046605424,128.609030504471,-0.294348141985967,1.02062873299099,-0.03686538773031,1.10544929073077
21,12,0,1,2,0.177240294210919,0.353558263776495,0.326343539532883,256.134628165749,1.23748265089897,-0.69757290202157,0.153282607965056,-1.01544655013646
22,1,1,1,15,-0.444931667699257,0.570563913581806,0.287374578960318,263.307957264704,1.17050414685644,0.480060579992959,0.183459652977435,-0.70632812798577
22,1,0,0,15,-0.914971422940036,0.048951360166616,0.763373624983528,98.6996895792557,-1.21316525764986,0.530281777488648,-0.919436468276801,-0.156784266384545
22,2,1,1,-9,0.366560302054117,0.088826551714054,0.325577197452615,233.603905652944,0.627436152550357,0.541358640528145,-0.671018708507851,-0.70632812798577
22,2,0,0,14,-0.990849409728125,0.370557807694942,0.799682655292483,90.6994856445979,-1.14237876539134,0.950228460025716,-0.330448908087267,0.39275959521668
22,3,1,1,-9,0.893648560071591,-0.293473628185147,-0.431930015314622,332.654094195927,0.426361164891721,-1.84790415815988,-0.686968558679109,-0.70632812798577
22,3,0,0,15,-0.498376572408512,0.390350377422051,0.628830407959934,162.021835992961,-0.334441200487313,0.345671869997829,-0.293803845727739,0.39275959521668
22,4,1,0,14,-0.772650450297363,0.454067341205574,0.661032412338121,141.395911756699,-0.223651745107312,0.470949255894382,-0.079642151517489,1.35446135301882
22,4,0,1,-6,-1.08768105362757,0.390638167646597,0.680117450770911,92.3945069020877,0.327003396546406,1.31735450755384,-0.095218520605369,-1.58216365741272
22,5,1,1,25,1.21002715537983,0.15564805718941,-0.604968623667802,395.828068557863,1.36799492842561,-2.49970163503103,-0.834018479448719,-0.70632812798577
22,5,0,0,15,-0.753694438206868,0.448678183762249,0.604062644751732,153.838352241607,-0.322644991780275,0.329952815088456,-0.092986940329499,0.39275959521668
22,6,1,0,8,-1.10347843387981,0.662424934753389,0.732057900295788,128.593494188739,-0.46279531837078,0.839275730798424,1.24973990957492,1.35446135301882
22,6,0,1,18,-2.08952663405635,0.283787481732453,0.992540932562514,88.2457819788936,-1.64986509917566,-0.734582833819622,-0.945730316272687,-1.90845532523845
22,7,1,1,-1,-0.822265108531932,0.737431221194578,0.744744333426767,165.503364967898,0.431282910743711,1.05063957940984,2.24346341762818,-0.70632812798577
22,7,0,0,-10,-0.707520733032078,0.301213046236353,-0.104738463133713,222.433576533356,-1.06998172882702,0.078893935678167,-0.474292097476981,0.39275959521668
22,8,1,1,-19,1.00037431968698,-0.368072356807928,-0.008381056641252,288.561292030627,0.652836141457139,-0.86602491499011,-0.241405492217401,-0.70632812798577
22,8,0,0,7,-1.15186296437351,0.465708995576971,0.618024573072876,119.323026312608,-0.623404425745952,0.158684485105765,0.536774147636378,0.39275959521668
22,9,1,0,12,-0.915605247789374,0.632588499791707,0.748324824800067,134.505200726155,-0.533772988071648,0.74800035638969,1.13745814064956,1.35446135301882
22,9,0,1,26,0.558890614731192,-0.085067650518774,-0.880845322161535,382.351299319479,0.575323744430502,-0.281539420786673,-0.913632908375848,-0.775021110685923
22,10,1,1,1,-0.339288713968295,0.526047470644816,0.531174721276881,209.098865373259,0.115309679521734,-0.669830413060462,-0.04712064780306,-0.70632812798577
22,10,0,0,3,-1.02219045616803,0.793087892376353,0.817547219273335,143.931371528556,-0.219928548869408,0.961768349841062,NA,0.39275959521668
22,11,1,1,-6,0.475944334614234,-0.008858048387497,-0.018727401967135,284.11251549223,0.87109546103638,-0.905559083460942,-0.918717057213306,-0.70632812798577
22,11,0,0,18,-0.547723895220577,0.024839143646063,0.590337776905825,154.665988427574,-0.214161805351833,0.357281110513746,-0.912106954914685,0.19526726995374
22,12,1,0,18,-0.62209279563447,0.524000631700607,0.172554267406489,242.28408437542,-0.115880124286545,0.223944508584488,0.569483867457209,1.35446135301882
22,12,0,1,-5,-0.004020639430785,0.386081409206283,0.442947288930398,230.617261588048,0.42184978832754,-0.288285653453222,0.058719760301443,-0.10526452935943
23,1,1,1,3,0.757579467920869,-0.186044544383979,-0.135784349043943,300.637545206814,1.31414136752471,-0.905895970660929,-0.588324501713811,-0.113851152196949
23,1,0,0,13,-0.880876786887748,0.37994140113643,0.781111469123849,90.9071438152026,-0.916616123892386,0.632547791690189,-0.30368727801661,0.39275959521668
23,2,1,0,11,-0.874277182158206,0.618046482672146,0.696874768778266,147.378017542,-0.703242529839901,0.795658136302745,0.696428082934741,1.94693832880764
23,2,0,1,38,0.820875251006496,0.014511252156647,-0.675378248935388,418.799910705689,0.672748865801168,-1.34490379828038,-0.917499560084134,-0.10526452935943
23,3,1,1,34,-0.073626168558994,0.358159509067243,-0.432926341316538,344.642685197039,0.137606962850397,-0.58973224740187,-0.499640521529433,-0.113851152196949
23,3,0,0,16,-0.21561796754189,0.107138429525456,0.629247944806261,154.055498187226,-0.268990001713237,0.291603991443839,-0.837083062314943,0.298306744003969
23,4,1,1,8,1.9174766678023,-0.267869211270498,-0.048208610632285,381.63437515456,0.256819497198833,-1.28265481676988,-0.83671780262449,-0.113851152196949
23,4,0,0,8,-0.527016534392388,0.500932982830183,0.646531838048975,161.401639164666,-0.446394027126511,0.240749097934121,0.254293624054784,0.39275959521668
23,5,1,0,11,-0.657985005524305,0.519079632896516,0.670234992848951,149.807558895503,-0.395550234544773,0.552919028862685,0.410548401196617,1.94693832880764
23,5,0,1,-11,2.36366793209232,0.033208176587843,-0.157465070357272,469.485217400546,2.26138131608772,-2.89237542827415,-0.865322736538299,-0.10526452935943
23,6,1,1,9,0.602824124906706,0.382519603382165,0.477664628670306,271.993725657861,2.45334353269872,-0.407369093242718,-0.424373344008422,-0.113851152196949
23,6,0,0,18,-0.704188569404876,0.297404852237037,0.693122062058108,128.248287570533,-0.760656398342771,0.640361939846416,-0.595658494216239,0.39275959521668
23,7,1,1,1,-0.098258869377215,0.53700440917719,0.540798698096538,229.90479304336,1.8546620366721,0.479393930277133,0.867167540415579,-0.113851152196949
23,7,0,0,13,-0.485757289022077,0.619684816602177,0.889634330289006,120.49423000791,-1.2272386367955,1.01295104453594,0.770794101239278,0.39275959521668
23,8,1,1,6,0.102329589263996,0.418182116400573,0.519580401948866,227.603074860557,1.25063996579877,0.116750311850801,-0.28113567080206,-0.113851152196949
23,8,0,0,15,0.136809065726186,0.316629453084186,0.619494826572413,184.648135136167,0.137417191383563,-0.338800324760874,-0.400651327209519,0.39275959521668
23,9,1,1,-20,1.63621128096551,-0.079696725092804,-0.267575067694765,425.454152997506,NA,-1.92686477837899,-0.823411891417669,-0.113851152196949
23,9,0,0,14,-0.400482934857776,0.437811970967137,0.57336203217732,186.389881703429,-0.004266956744923,-0.100806820469066,-0.007340020191513,0.39275959521668
23,10,1,1,4,0.1288358481037,0.466454880831175,0.492854141322548,245.563580321916,2.07812985573174,0.089681490652687,0.144923153646081,-0.113851152196949
23,10,0,0,31,-0.619115153809718,0.308074518890117,-0.626838820190196,280.072932315794,-0.548311854290637,-0.611865813374422,-0.534295141788332,0.39275959521668
23,11,1,1,-15,2.62670670527996,-0.432014965836073,-0.735544654466177,521.617207761776,0.90836125523282,-0.842788734846748,0.073067447376042,-0.113851152196949
23,11,0,0,-4,-0.236167606244491,0.202542601730206,-0.060641143885275,252.70002006596,-0.808904103649841,0.706565460915884,-0.837328567734027,0.39275959521668
23,12,1,1,25,1.37438702110445,0.110415517853084,0.547067269380962,271.771326027172,0.411922499864421,-0.098579648687364,-0.803418889955525,-0.113851152196949
23,12,0,0,14,-0.140557548512087,0.198841712821806,0.455483768949884,189.523349732621,-0.255531287197488,-0.300589076243902,-0.666468314882132,0.349826481029084
24,1,1,1,4,0.845381679221288,-0.508938008434401,-0.57071952972897,304.4893715447,-0.587502666960407,-1.39644117285341,0.553014485776098,-0.920993698923749
24,1,0,0,14,-1.12664464640948,0.562405349458455,0.905631556176441,95.3802514698384,-0.899124774263502,0.774470607696055,0.143152199356983,0.39275959521668
24,2,1,0,19,-0.750556820255433,0.185857926936048,0.607650088787194,136.77462366137,-0.539952382071442,0.334894024492557,-0.762141704664552,1.13979578208085
24,2,0,1,2,0.363128082882634,0.145356957070743,0.088074962844153,276.49977609586,0.860705053469419,0.272907973838711,-0.926452819883057,-0.594702031098021
24,3,1,0,16,-0.764364811420774,0.436181786268007,0.783415180445871,126.975498719193,-0.458425083038486,0.886252990195627,-0.307112463217312,1.13979578208085
24,3,0,1,7,-0.648322845415955,0.069369222206101,0.408032467879661,147.245210667991,-0.51887445488919,0.649561189607065,-0.95507496081425,-1.46195093768745
24,4,1,0,17,-1.13901389281211,0.562419274107419,0.696814485074329,126.908197710732,-0.743622504579765,0.683797785936073,0.429619646811639,1.13979578208085
24,4,0,1,-17,-0.466598918209342,0.14390490942204,0.472548348960461,232.124328559028,-0.359846037968119,-0.474473162853579,-0.960797320219888,-1.72813624565055
24,5,1,0,25,-0.462207739120701,-0.180559601256412,0.728890874058746,144.305542887878,-0.277186364331305,0.09230919171923,-0.754104624119606,1.13979578208085
24,5,0,1,-36,0.517352167273693,-0.156061221632185,-0.534154926563738,308.905420192101,-0.484652740826866,-1.99290449656664,-0.844538723667498,-1.08413953283661
24,6,1,1,6,-0.546935518144573,0.566627250827517,0.645763345615934,183.341025304538,0.323978661268186,0.518768486213586,0.297512356065615,-0.920993698923749
24,6,0,0,-8,-0.366731066078735,-0.330541585607784,-0.152362574064885,194.944718389305,-1.05923217608139,-1.23156293954456,-0.702523251396916,-0.139611020709507
24,7,1,1,6,-0.853455114951203,0.606394057379467,0.611453534259744,160.142798237644,-0.358268646089153,0.174151857172714,0.559013999477429,-0.920993698923749
24,7,0,0,22,-0.646691848751694,0.095478689176422,0.884401727371703,102.317690406957,-0.789205967958857,1.00555071931234,-0.902302097131633,0.160920778603663
24,8,1,0,17,-1.14055268613663,0.427037442359512,0.767319398161601,101.511385359285,-1.03792050555527,0.670337415664087,-0.109197633873915,1.13979578208085
24,8,0,1,-11,0.09670926503547,0.375921262519484,0.459843314284917,235.694083037952,0.728377587935025,-0.342856476149127,-0.630980821705982,-0.225477249084698
24,9,1,0,18,0.118221010241847,0.447652655613322,0.781638619405971,176.806661269513,0.719634578999724,0.907633138633364,-0.079862608239552,1.13979578208085
24,9,0,1,-9,2.78446264964238,-0.308100927936466,-0.12754851770761,449.090625209404,2.2856036066434,-1.62419607904155,-0.33677156152854,-0.431556197185158
24,10,1,0,18,-1.02227747102583,0.573546539942667,0.906141352900791,106.251770431488,-0.680723068450955,1.15104614622509,0.409221221276545,1.13979578208085
24,10,0,1,-2,2.07692595881793,-0.655571546795225,-0.645333799586765,420.631380413818,0.432301383990733,-0.513029806994685,2.0843363060373,-0.465902688535234
24,11,1,1,3,-0.60556203943563,0.528416540479482,0.532351548683066,179.87599988484,-0.076676508270163,-0.103946517900713,0.940177269125956,-0.920993698923749
24,11,0,0,8,-0.717749758883742,0.513450203158562,0.678320780191533,148.710862103342,0.050842959510225,0.458032753616805,0.078921775607597,0.39275959521668
24,12,1,0,16,-1.09976104424742,0.571153827336147,0.726169167947254,117.775875816221,-0.824608151279351,0.612894118066407,0.437965906660916,1.13979578208085
24,12,0,1,-2,1.32682541091427,-0.167688844721352,-0.21848295472009,363.011775350348,0.486293963328339,-1.49926388403545,-0.883842901063436,-0.10526452935943
